pdb,atoms,residues
1A0G.pdb,9310,562
1A0H.pdb,13409,836
1A14.pdb,9527,612
1A1U.pdb,1014,58
1A22.pdb,6057,372
1A2A.pdb,14716,976
1A2X.pdb,3022,189
1A2Y.pdb,5852,352
1A3R.pdb,7009,447
1A6D.pdb,15422,1005
1A6J.pdb,4954,307
1A73.pdb,6624,366
1A79.pdb,11339,684
1A99.pdb,21980,1364
1AA7.pdb,5022,315
1ACB.pdb,4678,304
1ADQ.pdb,9820,644
1ADY.pdb,26860,1680
1AFV.pdb,17840,1176
1AHW.pdb,19310,1256
1AIH.pdb,10814,676
1AKJ.pdb,9816,611
1AOR.pdb,19288,1210
1APY.pdb,9281,604
1APZ.pdb,9209,604
1ARZ.pdb,16072,1081
1ASY.pdb,20628,1114
1AUI.pdb,9145,543
1AVA.pdb,18744,1168
1AVF.pdb,10619,688
1AVO.pdb,23023,1400
1AVZ.pdb,4276,260
1AX4.pdb,30408,1856
1AXC.pdb,12599,804
1AXI.pdb,6150,366
1AY7.pdb,3068,185
1AZ4.pdb,6181,402
1AZS.pdb,11622,718
1AZZ.pdb,10681,727
1B0N.pdb,2346,134
1B27.pdb,9524,587
1B35.pdb,13487,854
1B47.pdb,15531,912
1B4K.pdb,10567,646
1B4U.pdb,13401,860
1B5F.pdb,10733,651
1B65.pdb,33956,2178
1B6C.pdb,27640,1732
1B8A.pdb,15686,876
1B9L.pdb,15824,952
1B9M.pdb,8162,499
1B9Y.pdb,8915,575
1BBH.pdb,4177,262
1BC5.pdb,4621,274
1BCP.pdb,28907,1870
1BCR.pdb,6563,407
1BDF.pdb,14185,917
1BGX.pdb,19842,1247
1BHM.pdb,7290,429
1BHW.pdb,24153,1568
1BIH.pdb,12104,782
1BJ1.pdb,16556,1050
1BJA.pdb,2983,190
1BK6.pdb,12980,866
1BKD.pdb,10009,605
1BO4.pdb,4665,273
1BO6.pdb,9784,564
1BOU.pdb,13380,860
1BPL.pdb,7621,469
1BR1.pdb,60132,3740
1BUH.pdb,6002,357
1BVK.pdb,10800,706
1BVN.pdb,8798,567
1BVP.pdb,32472,2094
1C28.pdb,5736,338
1C3C.pdb,14077,848
1C3X.pdb,11971,798
1C7N.pdb,54282,3152
1C8N.pdb,9173,597
1C8O.pdb,4981,332
1C8U.pdb,9575,570
1CB7.pdb,20661,1240
1CDC.pdb,3158,192
1CF4.pdb,3595,228
1CF7.pdb,3441,179
1CFF.pdb,2639,168
1CGI.pdb,4482,301
1CHM.pdb,13025,802
1CJ1.pdb,19852,1152
1CL7.pdb,6595,433
1CLI.pdb,20489,1332
1CLV.pdb,7684,502
1CMV.pdb,6276,403
1CN3.pdb,22384,1444
1CN4.pdb,9117,589
1COZ.pdb,4443,252
1CP2.pdb,8316,538
1CQ3.pdb,7142,448
1CQI.pdb,20278,1342
1CRX.pdb,12908,711
1CS0.pdb,93418,5744
1CSG.pdb,3810,240
1CTA.pdb,1067,68
1CX8.pdb,81039,5112
1CZ8.pdb,16431,1050
1D02.pdb,7734,417
1D1J.pdb,8558,549
1D2Z.pdb,8488,513
1D3Y.pdb,9626,579
1D4X.pdb,8108,492
1D8H.pdb,14601,864
1D9E.pdb,16948,1062
1D9G.pdb,3908,232
1DB2.pdb,11780,739
1DBQ.pdb,8885,552
1DBW.pdb,3938,248
1DC1.pdb,11324,646
1DD1.pdb,11297,711
1DDJ.pdb,15873,988
1DDZ.pdb,15532,962
1DE4.pdb,48035,3018
1DE5.pdb,27351,1665
1DE7.pdb,9688,572
1DEE.pdb,21381,1416
1DGB.pdb,33002,1991
1DGR.pdb,16801,1039
1DHG.pdb,1041,72
1DHK.pdb,11004,690
1DJ8.pdb,7685,474
1DK4.pdb,8173,504
1DLE.pdb,9537,570
1DLT.pdb,9921,618
1DM5.pdb,30517,1890
1DM9.pdb,3445,211
1DML.pdb,18988,1233
1DNW.pdb,19658,1138
1DOH.pdb,8750,544
1DOS.pdb,12445,716
1DP5.pdb,5998,360
1DPJ.pdb,5968,358
1DQJ.pdb,8789,553
1DQN.pdb,8013,460
1DS8.pdb,28416,1652
1DSX.pdb,12391,696
1DVF.pdb,7036,451
1DXX.pdb,15103,952
1DZB.pdb,10918,706
1E0J.pdb,26775,1726
1E0U.pdb,28164,1844
1E1H.pdb,13567,799
1E3U.pdb,16427,970
1E44.pdb,3012,180
1E4K.pdb,9953,604
1E6E.pdb,17910,1132
1E6J.pdb,9728,639
1E6V.pdb,38272,2458
1E8F.pdb,17190,1090
1E96.pdb,5953,363
1E9I.pdb,24975,1716
1EAI.pdb,9030,602
1EBD.pdb,14356,951
1EBO.pdb,10577,671
1EC5.pdb,2594,144
1ECI.pdb,1148,71
1EER.pdb,9496,592
1EEX.pdb,28932,1732
1EF1.pdb,12924,752
1EFV.pdb,9024,564
1EHI.pdb,11245,707
1EI1.pdb,12700,782
1EK6.pdb,11838,691
1EL6.pdb,9893,624
1EM8.pdb,8093,516
1EMU.pdb,2537,148
1ETE.pdb,8753,529
1EV7.pdb,9305,588
1EWJ.pdb,16216,952
1EWY.pdb,11211,704
1EXB.pdb,6967,417
1EZ1.pdb,13041,778
1EZI.pdb,6962,419
1EZU.pdb,10926,726
1F06.pdb,10019,640
1F15.pdb,8493,538
1F34.pdb,6923,463
1F36.pdb,2888,178
1F37.pdb,3475,219
1F3M.pdb,11766,712
1F3R.pdb,3975,266
1F3U.pdb,17593,1055
1F3V.pdb,5259,322
1F51.pdb,19477,1202
1F5M.pdb,5726,353
1F5Z.pdb,19286,1172
1F6M.pdb,26736,1712
1F8Y.pdb,5110,312
1FAK.pdb,9656,597
1FB1.pdb,15638,980
1FBV.pdb,8710,540
1FCD.pdb,17677,1150
1FFV.pdb,39515,2475
1FFW.pdb,6207,392
1FJ1.pdb,20776,1354
1FK8.pdb,7416,476
1FLC.pdb,28257,1767
1FNE.pdb,13215,790
1FOD.pdb,10617,691
1FQ1.pdb,7743,478
1FR8.pdb,8933,542
1FS0.pdb,5698,347
1FSK.pdb,36136,2372
1FT8.pdb,13995,857
1FU5.pdb,2046,124
1FYH.pdb,14823,884
1FZ0.pdb,35682,2132
1FZW.pdb,39114,2338
1G0S.pdb,6803,403
1G0U.pdb,100604,6296
1G31.pdb,12056,749
1G5G.pdb,32901,2142
1G5H.pdb,26710,1598
1G60.pdb,7973,466
1G64.pdb,6080,359
1G6W.pdb,16266,990
1G8K.pdb,63172,3820
1G8Y.pdb,44472,2904
1GCQ.pdb,3038,182
1GGP.pdb,7032,488
1GK0.pdb,21560,1326
1GK9.pdb,13122,765
1GLA.pdb,9854,650
1GMW.pdb,8744,536
1GO4.pdb,19310,1146
1GP2.pdb,11896,737
1GPQ.pdb,8342,510
1GPW.pdb,21872,1360
1GQA.pdb,4159,260
1GQG.pdb,21971,1337
1GRC.pdb,5898,386
1GRI.pdb,6806,422
1GRN.pdb,6312,388
1GT7.pdb,88300,5480
1GU9.pdb,31727,2028
1GUQ.pdb,23314,1379
1GUS.pdb,6364,402
1GVM.pdb,12840,769
1GX7.pdb,8940,566
1GXD.pdb,25240,1631
1GXJ.pdb,5212,323
1GYY.pdb,2699,152
1GZS.pdb,10863,685
1H0D.pdb,8887,561
1H0H.pdb,39185,2382
1H21.pdb,15176,960
1H2I.pdb,64922,4092
1H2S.pdb,4439,285
1H2U.pdb,29283,1708
1H3L.pdb,2425,153
1H6D.pdb,75716,4579
1H74.pdb,19124,1184
1H9D.pdb,9238,544
1HAA.pdb,1307,87
1HCF.pdb,6749,444
1HE1.pdb,10383,622
1HF2.pdb,12934,794
1HI9.pdb,21347,1370
1HJR.pdb,9906,632
1HKQ.pdb,4172,250
1HN2.pdb,5242,314
1HXM.pdb,27636,1744
1HYR.pdb,8365,527
1I1A.pdb,12796,774
1I1D.pdb,10855,626
1I2M.pdb,17464,1107
1I4D.pdb,8990,550
1I4E.pdb,8674,536
1I50.pdb,56795,3558
1I78.pdb,9162,584
1I7Q.pdb,23279,1418
1I8L.pdb,10018,634
1IAH.pdb,9287,556
1IAR.pdb,5306,317
1IB1.pdb,26395,1620
1ICF.pdb,9124,564
1IGU.pdb,1987,119
1II8.pdb,6207,369
1IJF.pdb,8269,530
1IJK.pdb,7276,451
1IJL.pdb,3708,246
1IJX.pdb,11998,740
1IK9.pdb,7237,430
1INN.pdb,4735,291
1IQ6.pdb,4343,265
1IR2.pdb,162380,9608
1IRA.pdb,7377,456
1IS7.pdb,44865,2780
1IUG.pdb,10996,694
1IWA.pdb,80704,4888
1IXS.pdb,5865,365
1IZ1.pdb,18402,1170
1J0E.pdb,21878,1360
1J1D.pdb,11464,698
1J2U.pdb,25155,1542
1J2W.pdb,13308,845
1J3K.pdb,19682,1094
1J3L.pdb,15175,968
1J3R.pdb,6246,372
1J4U.pdb,9116,592
1J7D.pdb,4794,289
1J7V.pdb,5747,355
1J9I.pdb,43600,2720
1JAY.pdb,7150,424
1JD6.pdb,1771,110
1JFM.pdb,13967,870
1JG8.pdb,22091,1366
1JIW.pdb,8953,575
1JK9.pdb,11825,792
1JKG.pdb,5215,319
1JMA.pdb,5596,359
1JMT.pdb,2087,121
1JMV.pdb,8434,537
1JN9.pdb,8737,582
1JNB.pdb,49896,3084
1JNP.pdb,3533,202
1JNZ.pdb,26855,1582
1JPY.pdb,7579,479
1JR3.pdb,27932,1769
1JSU.pdb,10210,612
1JTD.pdb,8212,535
1JWH.pdb,17933,1075
1JX7.pdb,10949,684
1JYI.pdb,15299,996
1JYO.pdb,12133,726
1JZD.pdb,8549,551
1JZT.pdb,8039,480
1K0Z.pdb,5224,305
1K2E.pdb,5267,302
1K3R.pdb,8609,526
1K3S.pdb,3421,210
1K4R.pdb,18083,1185
1K50.pdb,3970,252
1K5D.pdb,45262,2784
1K66.pdb,5125,298
1K74.pdb,8608,530
1KBQ.pdb,18372,1086
1KCA.pdb,12032,808
1KCF.pdb,7583,468
1KI9.pdb,9320,575
1KIG.pdb,5355,352
1KIZ.pdb,11775,708
1KJN.pdb,4859,296
1KKL.pdb,11599,762
1KM1.pdb,6814,423
1KNX.pdb,29743,1827
1KNY.pdb,8261,506
1KTK.pdb,18617,1200
1KTZ.pdb,3078,188
1KVE.pdb,4157,280
1KXJ.pdb,6527,404
1KY6.pdb,4190,254
1KYQ.pdb,13897,779
1L0A.pdb,3380,210
1L2W.pdb,18690,1172
1L4Z.pdb,5816,373
1L5X.pdb,8926,542
1L8C.pdb,2278,146
1L8D.pdb,3653,205
1L8L.pdb,6964,444
1LBH.pdb,18100,1184
1LEH.pdb,11062,728
1LFD.pdb,8450,508
1LHR.pdb,9840,614
1LI1.pdb,21732,1359
1LJ2.pdb,4390,265
1LK5.pdb,15040,916
1LKY.pdb,7922,462
1LM7.pdb,7430,476
1LQS.pdb,11221,697
1LQW.pdb,5957,366
1LSS.pdb,8799,528
1LT7.pdb,9953,620
1LUA.pdb,13450,861
1LUC.pdb,10672,646
1LWI.pdb,10009,610
1LX5.pdb,3259,198
1LZW.pdb,3755,237
1M1E.pdb,9222,577
1M1F.pdb,3613,212
1M1T.pdb,23945,1568
1M27.pdb,2893,176
1M32.pdb,36362,2103
1M7E.pdb,7817,477
1M7U.pdb,7317,489
1MAH.pdb,9013,594
1MB2.pdb,30888,1956
1MD0.pdb,4727,276
1MHP.pdb,15734,1030
1MKM.pdb,8189,493
1MOE.pdb,7210,480
1MPS.pdb,14251,823
1MR1.pdb,9233,581
1MR9.pdb,19020,1164
1MW5.pdb,5477,318
1MWQ.pdb,3528,198
1MZW.pdb,3391,204
1N0E.pdb,18996,1130
1N0L.pdb,10272,645
1N1C.pdb,6196,391
1N1E.pdb,11204,698
1N2M.pdb,15119,951
1N4M.pdb,12306,731
1N80.pdb,21064,1312
1N9J.pdb,3112,196
1N9S.pdb,15724,983
1N9V.pdb,3087,168
1NA1.pdb,12739,804
1NA6.pdb,12241,760
1NBA.pdb,15913,1011
1NCA.pdb,12789,824
1ND6.pdb,23436,1369
1NF3.pdb,10462,634
1NFV.pdb,45174,2717
1NHW.pdb,9370,578
1NKI.pdb,4593,268
1NKQ.pdb,23521,1436
1NKV.pdb,11260,706
1NLN.pdb,3615,214
1NN4.pdb,9802,635
1NOV.pdb,14750,996
1NP3.pdb,20168,1308
1NP6.pdb,5379,327
1NPO.pdb,2377,178
1NPP.pdb,16498,963
1NSN.pdb,8708,565
1NT2.pdb,7447,445
1NU9.pdb,19537,1142
1NVI.pdb,3708,223
1NVM.pdb,42145,2590
1NWW.pdb,4939,291
1NZ0.pdb,8105,433
1O1N.pdb,9335,574
1O28.pdb,15196,868
1O4U.pdb,8367,531
1O57.pdb,17765,1078
1O61.pdb,12172,742
1O63.pdb,6488,397
1O94.pdb,37039,2305
1O9I.pdb,26150,1596
1O9Y.pdb,4305,286
1OA8.pdb,8211,518
1OB8.pdb,4402,246
1OCZ.pdb,57154,3560
1OEY.pdb,12413,696
1OFU.pdb,13196,852
1OG6.pdb,14589,890
1OIA.pdb,3005,176
1OJ7.pdb,25705,1560
1OJH.pdb,10350,595
1OLP.pdb,23197,1475
1OMO.pdb,10232,640
1OMZ.pdb,8345,508
1ONW.pdb,12028,754
1OOQ.pdb,7080,433
1OPH.pdb,9383,598
1OQ1.pdb,15139,855
1OQB.pdb,33387,2076
1OQC.pdb,8109,447
1OQJ.pdb,3067,179
1OR6.pdb,5619,324
1OR7.pdb,7770,475
1ORQ.pdb,10074,657
1ORY.pdb,2781,159
1OSG.pdb,15007,936
1OSM.pdb,15696,1026
1OTW.pdb,8367,508
1OW4.pdb,3928,239
1OX9.pdb,14416,928
1OY1.pdb,13084,846
1OY5.pdb,10843,654
1OYV.pdb,9229,652
1P27.pdb,7730,472
1P32.pdb,8782,529
1P3H.pdb,21507,1379
1P4O.pdb,10472,622
1P4Q.pdb,2370,153
1P69.pdb,4712,309
1P6X.pdb,10772,664
1P7G.pdb,84645,4991
1P8C.pdb,11322,696
1P9E.pdb,8990,588
1P9O.pdb,8056,549
1PB0.pdb,11501,706
1PBI.pdb,1824,136
1PC6.pdb,4265,274
1PCF.pdb,9202,528
1PIV.pdb,13156,846
1PK1.pdb,4550,267
1PK8.pdb,38000,2334
1PM3.pdb,2140,137
1PNB.pdb,1686,106
1POI.pdb,18331,1154
1PQZ.pdb,5446,337
1PUG.pdb,5139,323
1PUI.pdb,5527,333
1PVH.pdb,11796,740
1PXV.pdb,9862,588
1PYA.pdb,14613,927
1PYT.pdb,14175,902
1PZM.pdb,5617,340
1PZR.pdb,13118,840
1Q05.pdb,4093,249
1Q0K.pdb,22824,1404
1Q23.pdb,42888,2563
1Q2H.pdb,3012,188
1Q40.pdb,11274,674
1Q5H.pdb,6601,405
1Q6I.pdb,6969,416
1Q74.pdb,17303,1121
1Q7L.pdb,9466,555
1Q8M.pdb,8148,484
1Q9U.pdb,4417,252
1QA9.pdb,6454,394
1QAV.pdb,3200,205
1QB3.pdb,5506,341
1QCB.pdb,7576,495
1QD6.pdb,8156,505
1QE6.pdb,4809,278
1QEX.pdb,9030,576
1QFH.pdb,6282,424
1QG7.pdb,2102,128
1QHH.pdb,10268,623
1QIP.pdb,12456,718
1QJG.pdb,11662,750
1QL0.pdb,8171,482
1QOL.pdb,21475,1356
1QQ5.pdb,8103,490
1QS4.pdb,7543,453
1QSO.pdb,9764,596
1QXN.pdb,4338,274
1QXO.pdb,26604,1504
1QYN.pdb,8382,535
1R0K.pdb,24395,1521
1R15.pdb,32216,2008
1R1U.pdb,6331,380
1R30.pdb,9899,625
1R4A.pdb,14556,864
1R52.pdb,17276,1130
1R5I.pdb,19783,1190
1R5X.pdb,3387,206
1R6Q.pdb,7882,471
1R7H.pdb,2329,148
1R7I.pdb,11499,747
1R8J.pdb,8895,536
1R8O.pdb,2758,167
1R8S.pdb,6022,347
1RDF.pdb,25491,1578
1RF8.pdb,5075,313
1RFZ.pdb,10328,634
1RHG.pdb,6666,434
1RHZ.pdb,8459,529
1RK4.pdb,6963,419
1RKE.pdb,7170,438
1RLB.pdb,13033,834
1RLI.pdb,10829,645
1RO7.pdb,16766,964
1RPN.pdb,20838,1286
1RQD.pdb,10475,658
1RV6.pdb,6171,373
1RY7.pdb,5417,364
1RYI.pdb,24010,1456
1S1Q.pdb,7357,418
1S28.pdb,8516,508
1S3N.pdb,5331,330
1S3Z.pdb,5100,292
1S4C.pdb,9674,592
1S4K.pdb,4345,230
1S59.pdb,14564,906
1S7M.pdb,14095,944
1SBB.pdb,14948,950
1SFK.pdb,9216,553
1SFX.pdb,4004,208
1SG2.pdb,6216,392
1SG4.pdb,12555,757
1SGJ.pdb,10944,693
1SHS.pdb,14608,920
1SHZ.pdb,17028,1037
1SIE.pdb,34032,2151
1SKV.pdb,4094,232
1SLQ.pdb,25122,1604
1SOJ.pdb,70014,4470
1SOT.pdb,12929,842
1SP8.pdb,24064,1559
1SPB.pdb,5071,335
1SPI.pdb,20153,1317
1SPP.pdb,3436,221
1SQ7.pdb,7719,494
1SQB.pdb,33464,2103
1SQE.pdb,3595,207
1SQX.pdb,33593,2101
1SR4.pdb,9496,579
1SS4.pdb,4897,283
1ST0.pdb,10600,597
1STM.pdb,10863,705
1STZ.pdb,16157,945
1SU1.pdb,11683,732
1SUS.pdb,14873,908
1SUW.pdb,16519,996
1SV0.pdb,5278,319
1SWJ.pdb,6869,460
1SXJ.pdb,39591,2487
1SY6.pdb,9121,600
1SYX.pdb,9731,591
1SZ2.pdb,10174,629
1SZH.pdb,4877,290
1T0B.pdb,32454,1924
1T0F.pdb,10614,622
1T0P.pdb,4234,260
1T0R.pdb,14716,898
1T1V.pdb,3097,186
1T33.pdb,7057,434
1T3L.pdb,5212,323
1T3U.pdb,5937,360
1T3W.pdb,4340,263
1T62.pdb,5070,316
1T6B.pdb,13540,846
1T6S.pdb,5410,324
1T70.pdb,31402,2040
1T8Q.pdb,22275,1276
1T8U.pdb,9200,539
1T9G.pdb,29618,1960
1TA3.pdb,9619,575
1TBA.pdb,96925,6175
1TBX.pdb,3088,182
1TDQ.pdb,6185,397
1TDT.pdb,11672,764
1TE1.pdb,7332,464
1TE2.pdb,7455,422
1TH1.pdb,17481,1127
1TH7.pdb,17526,1092
1THN.pdb,7972,501
1TIJ.pdb,3529,226
1TJO.pdb,11368,705
1TKV.pdb,67758,4094
1TLH.pdb,52100,3140
1TLJ.pdb,6547,377
1TMQ.pdb,9041,587
1TMX.pdb,9625,579
1TO6.pdb,11413,742
1TOA.pdb,9008,554
1TQ8.pdb,11476,755
1TU1.pdb,5029,288
1TUE.pdb,38559,2337
1TY4.pdb,6049,362
1TY9.pdb,7017,409
1U07.pdb,3049,178
1U0R.pdb,17365,1125
1U0S.pdb,3491,204
1U20.pdb,6255,388
1U2E.pdb,18326,1143
1U2V.pdb,27437,1714
1U4F.pdb,12796,784
1U5U.pdb,12511,732
1U5W.pdb,21211,1362
1U69.pdb,9689,591
1U6G.pdb,31389,1949
1U6J.pdb,52661,3384
1U6S.pdb,10076,668
1U7H.pdb,11492,665
1U7I.pdb,4455,259
1U7Z.pdb,10610,653
1U8S.pdb,5373,343
1UAD.pdb,8563,530
1UAN.pdb,6988,439
1UD0.pdb,5351,320
1UDI.pdb,4979,310
1UFO.pdb,24245,1404
1UHE.pdb,2027,121
1UI5.pdb,6437,394
1UIJ.pdb,35567,2186
1UJ3.pdb,10144,636
1UK4.pdb,9579,618
1UL1.pdb,26002,1743
1ULG.pdb,9912,600
1UNN.pdb,16099,955
1UR6.pdb,3161,199
1USV.pdb,25588,1569
1USY.pdb,31181,1910
1UT4.pdb,4905,296
1UUN.pdb,5501,368
1V1H.pdb,9402,610
1V54.pdb,63968,3550
1V5X.pdb,6503,400
1V7C.pdb,22229,1404
1V8D.pdb,9055,562
1V8H.pdb,3676,212
1V8P.pdb,25746,1602
1VB5.pdb,9124,549
1VCB.pdb,21182,1312
1VCH.pdb,13699,834
1VDD.pdb,12325,791
1VEA.pdb,4370,287
1VET.pdb,3897,240
1VEU.pdb,3810,237
1VG0.pdb,11032,663
1VGL.pdb,6646,404
1VGO.pdb,8123,468
1VH0.pdb,15451,930
1VH5.pdb,4656,276
1VH6.pdb,3343,198
1VHK.pdb,13467,841
1VHZ.pdb,6313,371
1VJL.pdb,4608,274
1VJQ.pdb,2376,142
1VKM.pdb,29021,1692
1VMD.pdb,5183,312
1VP2.pdb,6194,378
1VR7.pdb,3965,235
1VR9.pdb,4192,234
1VRB.pdb,17376,1204
1VS3.pdb,8527,498
1VSG.pdb,10992,724
1VSQ.pdb,6702,429
1VYH.pdb,82560,5280
1VZY.pdb,9096,576
1W1I.pdb,70463,4320
1W1W.pdb,24839,1539
1W23.pdb,12367,717
1W39.pdb,8310,547
1W3B.pdb,10704,756
1W3Z.pdb,6084,357
1W6U.pdb,18425,1142
1W9A.pdb,4815,281
1W9Z.pdb,11926,768
1WB4.pdb,9740,566
1WD6.pdb,3042,191
1WDJ.pdb,8430,524
1WDW.pdb,59411,3760
1WDX.pdb,3964,252
1WDZ.pdb,7370,453
1WEK.pdb,19987,1234
1WKH.pdb,12163,774
1WKQ.pdb,5226,313
1WKV.pdb,12395,765
1WLI.pdb,4095,244
1WLP.pdb,2483,163
1WMI.pdb,5090,298
1WN1.pdb,11911,712
1WOQ.pdb,7963,506
1WOV.pdb,8565,486
1WP7.pdb,3079,188
1WPP.pdb,9915,620
1WPX.pdb,9775,625
1WQ1.pdb,7825,486
1WRD.pdb,3103,174
1WRS.pdb,51435,3120
1WSC.pdb,7203,437
1WTU.pdb,3096,198
1WWP.pdb,3964,232
1WWR.pdb,10612,622
1WX0.pdb,33433,2110
1WX1.pdb,10260,660
1WYW.pdb,4904,295
1WYZ.pdb,14564,888
1WZ3.pdb,2682,168
1WZ7.pdb,4944,283
1X2H.pdb,15694,982
1X7O.pdb,8115,512
1X8D.pdb,7354,416
1X9A.pdb,28130,1740
1X9J.pdb,47416,2976
1XCR.pdb,9874,626
1XD3.pdb,10711,606
1XD9.pdb,8864,578
1XDK.pdb,15484,966
1XEB.pdb,19115,1154
1XF6.pdb,8920,490
1XF9.pdb,16960,1054
1XFS.pdb,5282,298
1XG2.pdb,7543,468
1XG5.pdb,16173,1012
1XHN.pdb,11546,670
1XI8.pdb,8060,534
1XIW.pdb,12180,765
1XJ7.pdb,4596,265
1XKP.pdb,7837,457
1XL3.pdb,9544,556
1XLY.pdb,6973,408
1XM3.pdb,15556,965
1XOU.pdb,2512,152
1XPJ.pdb,8390,493
1XQH.pdb,8619,510
1XQS.pdb,13560,858
1XR0.pdb,2430,151
1XSQ.pdb,5179,305
1XT9.pdb,4625,284
1XTG.pdb,8123,483
1XTT.pdb,14568,846
1XUA.pdb,8926,557
1XUV.pdb,8038,480
1XV2.pdb,15231,909
1XWD.pdb,13874,862
1XX7.pdb,15525,1008
1XXI.pdb,55829,3532
1XY7.pdb,3802,240
1XZ8.pdb,5338,323
1Y0B.pdb,12873,756
1Y0G.pdb,11224,676
1Y0H.pdb,3322,199
1Y0U.pdb,3218,171
1Y10.pdb,22426,1436
1Y1A.pdb,6167,366
1Y1O.pdb,11161,664
1Y23.pdb,11294,698
1Y2I.pdb,8551,530
1Y43.pdb,3001,203
1Y4M.pdb,2506,159
1Y4Z.pdb,32374,1969
1Y56.pdb,14148,858
1Y60.pdb,13486,841
1Y6K.pdb,5682,350
1Y7R.pdb,4454,252
1Y82.pdb,9063,547
1Y8N.pdb,7626,471
1Y8Q.pdb,26853,1648
1Y8T.pdb,11194,804
1Y96.pdb,5503,340
1YAF.pdb,14135,874
1YAU.pdb,72109,4501
1YAV.pdb,4389,269
1YC6.pdb,70830,4620
1YCS.pdb,6172,384
1YD8.pdb,5512,332
1YDG.pdb,25236,1616
1YEW.pdb,39115,2424
1YF9.pdb,7924,477
1YJ7.pdb,10173,619
1YJD.pdb,8643,547
1YKE.pdb,7201,428
1YKJ.pdb,13221,786
1YLM.pdb,4983,278
1YLQ.pdb,3290,186
1YLX.pdb,3313,188
1YNJ.pdb,48703,3151
1YNT.pdb,21344,1427
1YOX.pdb,18013,1153
1YQF.pdb,17039,1083
1YRB.pdb,8840,519
1YUM.pdb,14292,848
1YV1.pdb,6716,404
1YWK.pdb,24054,1523
1YYV.pdb,3712,216
1Z0K.pdb,7596,459
1Z2X.pdb,6096,364
1Z3G.pdb,17878,1200
1Z5Y.pdb,4308,254
1Z69.pdb,20306,1308
1Z6O.pdb,80728,4836
1Z7M.pdb,33502,2048
1Z7U.pdb,3745,213
1Z85.pdb,7011,426
1Z8K.pdb,8910,519
1Z94.pdb,13643,838
1ZBX.pdb,5384,317
1ZC4.pdb,9533,572
1ZCT.pdb,8219,516
1ZDN.pdb,4814,298
1ZFN.pdb,14639,955
1ZH8.pdb,10321,637
1ZHH.pdb,9094,552
1ZHI.pdb,5327,320
1ZKE.pdb,8817,492
1ZKP.pdb,16591,978
1ZM4.pdb,48319,3087
1ZN7.pdb,5984,356
1ZNP.pdb,14935,961
1ZOQ.pdb,7825,476
1ZPQ.pdb,4973,305
1ZPS.pdb,4101,252
1ZTX.pdb,8210,532
1ZUD.pdb,9562,605
1ZXM.pdb,12403,751
1ZXO.pdb,26099,1630
1ZXZ.pdb,6126,383
1ZY4.pdb,8889,520
1ZY7.pdb,12467,740
1aa7.pdb,5022,315
2A0S.pdb,5528,326
2A19.pdb,10354,631
2A1F.pdb,22503,1406
2A1S.pdb,25828,1566
2A2J.pdb,6374,404
2A2L.pdb,9126,576
2A2O.pdb,27086,1566
2A40.pdb,21158,1286
2A4W.pdb,4492,258
2A5D.pdb,5735,350
2A5T.pdb,8505,547
2A5Z.pdb,11348,701
2A61.pdb,9758,558
2A67.pdb,11031,655
2A6A.pdb,5764,377
2A6P.pdb,6022,386
2A6Q.pdb,7501,456
2A78.pdb,6349,377
2A7K.pdb,32277,2074
2A7U.pdb,1976,127
2A7W.pdb,17883,1056
2A9S.pdb,5192,332
2ABZ.pdb,12673,826
2ACM.pdb,24795,1560
2ADF.pdb,9798,616
2ADL.pdb,2323,144
2AE8.pdb,17220,996
2AF4.pdb,10393,661
2AF6.pdb,31971,1916
2AFF.pdb,2201,135
2AHM.pdb,15601,984
2ANU.pdb,21789,1310
2AO9.pdb,17495,999
2AP6.pdb,14048,800
2AQX.pdb,9529,576
2ARJ.pdb,16452,1077
2ARK.pdb,17844,1074
2ARP.pdb,4090,253
2ASS.pdb,8743,537
2AST.pdb,9070,545
2AUN.pdb,9287,588
2AVU.pdb,10718,672
2AW2.pdb,6295,417
2AW6.pdb,9832,587
2AXW.pdb,4352,268
2AYO.pdb,6812,430
2AZE.pdb,4788,294
2B2K.pdb,5724,356
2B3D.pdb,6625,384
2B3S.pdb,6040,374
2B3Z.pdb,22437,1437
2B4J.pdb,7395,444
2B5F.pdb,13837,917
2B5L.pdb,40756,2615
2B81.pdb,21849,1236
2B8W.pdb,9477,578
2B99.pdb,12369,734
2B9Z.pdb,22940,1480
2BA0.pdb,34237,2154
2BAY.pdb,5821,340
2BE1.pdb,9655,610
2BEX.pdb,18247,1183
2BGC.pdb,30930,1859
2BGW.pdb,7410,449
2BM8.pdb,45604,2788
2BOL.pdb,9534,592
2BP7.pdb,45186,2980
2BQZ.pdb,6227,340
2BSJ.pdb,4200,250
2BTF.pdb,7957,512
2BUJ.pdb,9270,577
2BWN.pdb,24956,1586
2BYC.pdb,4555,269
2BYK.pdb,5030,319
2BZN.pdb,41059,2548
2C0L.pdb,6513,414
2C1L.pdb,11820,716
2C1W.pdb,13806,820
2C2I.pdb,4841,294
2C2L.pdb,18741,1160
2C2X.pdb,8612,560
2C35.pdb,18294,1194
2C37.pdb,93752,6044
2C41.pdb,31436,1853
2C57.pdb,28452,1880
2C5J.pdb,2898,171
2C7M.pdb,2165,132
2C9P.pdb,4688,306
2C9T.pdb,34967,2146
2CAY.pdb,4454,263
2CB2.pdb,29889,1836
2CDB.pdb,24525,1436
2CE8.pdb,21767,1366
2CH5.pdb,22339,1370
2CH8.pdb,12692,746
2CJR.pdb,14879,897
2CJS.pdb,6348,373
2CLB.pdb,22047,1315
2CLY.pdb,9694,583
2CN4.pdb,5099,346
2CO5.pdb,3294,186
2CO6.pdb,5237,333
2CS7.pdb,2585,164
2CT9.pdb,6319,383
2CVO.pdb,22365,1385
2CW6.pdb,26872,1752
2CWO.pdb,10920,660
2CZV.pdb,11482,651
2D00.pdb,10395,654
2D13.pdb,13658,833
2D1P.pdb,16107,1030
2D2A.pdb,3250,216
2D42.pdb,7888,498
2D4C.pdb,14662,898
2D4U.pdb,5423,322
2D8D.pdb,3084,163
2DB4.pdb,26079,1560
2DB7.pdb,1871,112
2DCN.pdb,60330,3696
2DD4.pdb,33696,1954
2DD5.pdb,33447,1947
2DDK.pdb,7850,507
2DDM.pdb,8774,535
2DDZ.pdb,19029,1130
2DE5.pdb,24257,1482
2DG0.pdb,60652,3787
2DI3.pdb,7447,461
2DJF.pdb,5712,347
2DLB.pdb,2372,138
2DM9.pdb,3958,236
2DOI.pdb,5887,380
2DPF.pdb,7407,444
2DPP.pdb,7123,427
2DSP.pdb,2100,148
2DT5.pdb,7078,421
2DUM.pdb,9588,569
2DUP.pdb,7912,484
2DVT.pdb,21774,1293
2DWN.pdb,6755,419
2DX7.pdb,7548,456
2DXB.pdb,65346,3892
2DYM.pdb,17939,1110
2E0N.pdb,7232,467
2E1M.pdb,9415,597
2E2K.pdb,30241,1881
2E2P.pdb,9705,595
2E4M.pdb,12316,713
2E5F.pdb,11436,649
2E6F.pdb,10540,624
2E7J.pdb,11129,688
2E7S.pdb,38418,2279
2E85.pdb,4975,313
2E89.pdb,21539,1258
2E9D.pdb,7231,435
2E9X.pdb,23372,1401
2EAY.pdb,7595,437
2EBY.pdb,3304,200
2ED6.pdb,31939,2040
2EF7.pdb,4158,241
2EF8.pdb,2931,165
2EFD.pdb,12494,796
2EG5.pdb,22053,1377
2EIL.pdb,63764,3550
2EJ0.pdb,29801,1794
2EJG.pdb,9826,593
2EJN.pdb,4815,291
2EJW.pdb,21081,1324
2EK5.pdb,7360,453
2EKD.pdb,20624,1195
2EKY.pdb,13413,781
2EP5.pdb,22927,1395
2EQ5.pdb,13647,844
2ERJ.pdb,22013,1318
2ES4.pdb,17794,1176
2ETE.pdb,6322,402
2EVV.pdb,11840,696
2EWN.pdb,10152,635
2F07.pdb,6538,393
2F08.pdb,8126,516
2F1V.pdb,16674,1092
2F22.pdb,5033,274
2F2A.pdb,15733,985
2F2E.pdb,4759,278
2F2F.pdb,17922,1136
2F2T.pdb,5435,302
2F3T.pdb,19710,1223
2F4E.pdb,4054,258
2F4L.pdb,16972,1072
2F4M.pdb,6121,356
2F4N.pdb,11038,703
2F4P.pdb,8633,528
2F5I.pdb,5767,335
2F6L.pdb,5472,330
2F6U.pdb,7759,462
2F8B.pdb,1734,112
2F9I.pdb,17993,1121
2F9W.pdb,8021,486
2F9Z.pdb,11001,691
2FBE.pdb,12164,763
2FBK.pdb,5067,312
2FDB.pdb,10365,685
2FDO.pdb,2782,179
2FEL.pdb,62262,4053
2FEW.pdb,3729,240
2FG6.pdb,31453,1929
2FG8.pdb,22405,1392
2FHJ.pdb,18116,1183
2FHX.pdb,8027,488
2FJC.pdb,38614,2416
2FKB.pdb,8126,477
2FKD.pdb,24038,1540
2FKW.pdb,19966,837
2FLF.pdb,23800,1515
2FMY.pdb,14882,872
2FNP.pdb,4173,244
2FPE.pdb,8661,475
2FPW.pdb,5538,317
2FQM.pdb,6496,403
2FS5.pdb,7369,444
2FSY.pdb,29056,1899
2FTX.pdb,2460,146
2FU5.pdb,8596,517
2FUR.pdb,6266,373
2FV2.pdb,18074,1069
2FXA.pdb,11237,628
2FYI.pdb,14660,897
2FZV.pdb,16171,954
2G2U.pdb,6812,430
2G38.pdb,7838,499
2G3K.pdb,10955,651
2G3O.pdb,18548,1283
2G42.pdb,2561,153
2G45.pdb,6126,386
2G5C.pdb,18614,1085
2G76.pdb,9271,603
2G77.pdb,8664,500
2G84.pdb,5870,371
2G9W.pdb,3987,232
2GA0.pdb,19662,1312
2GAF.pdb,12266,723
2GAN.pdb,6535,355
2GEC.pdb,4484,277
2GED.pdb,5535,333
2GEF.pdb,6192,393
2GHW.pdb,13438,842
2GIA.pdb,10363,601
2GJ3.pdb,4270,238
2GJV.pdb,13331,816
2GL0.pdb,16317,976
2GLZ.pdb,5232,293
2GM3.pdb,14423,887
2GMY.pdb,14634,876
2GN8.pdb,10976,656
2GO7.pdb,13226,809
2GQS.pdb,7947,474
2GS9.pdb,6745,420
2GSV.pdb,2330,131
2GSZ.pdb,33191,2004
2GT2.pdb,10048,608
2GTY.pdb,3851,242
2GUH.pdb,6043,339
2GUZ.pdb,18890,1088
2GV5.pdb,12140,716
2GVQ.pdb,21835,1366
2GXF.pdb,7689,456
2GYQ.pdb,5448,319
2GZ4.pdb,13659,791
2GZA.pdb,15202,982
2H19.pdb,4493,274
2H1T.pdb,6388,368
2H3H.pdb,10192,618
2H4O.pdb,3996,240
2H5N.pdb,8121,501
2H6B.pdb,7831,474
2H6L.pdb,6906,411
2H7V.pdb,14414,893
2H9B.pdb,7740,433
2H9E.pdb,5423,336
2H9G.pdb,15420,1024
2HA9.pdb,12091,795
2HAY.pdb,15023,846
2HBV.pdb,10676,661
2HCR.pdb,9715,613
2HD0.pdb,24118,1525
2HDW.pdb,10150,639
2HEG.pdb,7434,420
2HEK.pdb,13067,738
2HET.pdb,11160,728
2HEY.pdb,8364,542
2HFJ.pdb,8738,556
2HIN.pdb,2207,130
2HJ1.pdb,2656,157
2HJ9.pdb,17552,1081
2HL3.pdb,2406,151
2HLE.pdb,4873,321
2HLZ.pdb,18293,1183
2HQL.pdb,10360,594
2HRK.pdb,4927,298
2HRV.pdb,4607,278
2HSN.pdb,4537,280
2HTB.pdb,18268,1183
2HTH.pdb,3321,202
2HU2.pdb,5377,340
2HVW.pdb,7854,439
2HWJ.pdb,18579,1133
2HWW.pdb,7814,461
2HXI.pdb,6541,389
2HXO.pdb,6223,410
2HYX.pdb,20454,1323
2HZB.pdb,19175,1224
2HZG.pdb,12536,784
2HZK.pdb,21347,1303
2HZM.pdb,27092,1717
2HZS.pdb,28140,1799
2I04.pdb,2991,182
2I0B.pdb,12801,766
2I10.pdb,5643,349
2I14.pdb,37464,2334
2I15.pdb,5941,359
2I1A.pdb,7433,454
2I2O.pdb,7327,411
2I2R.pdb,35848,2418
2I33.pdb,7719,474
2I3T.pdb,23646,1484
2I5B.pdb,20206,1326
2I5G.pdb,10644,634
2I79.pdb,17110,1016
2I7N.pdb,10639,658
2I7R.pdb,3705,224
2I8D.pdb,4254,234
2I9F.pdb,3882,227
2I9L.pdb,36900,2444
2IA2.pdb,15420,976
2IA9.pdb,8845,530
2IAB.pdb,4815,301
2IAZ.pdb,6967,430
2IBD.pdb,6384,376
2IBG.pdb,22741,1401
2IDE.pdb,28900,1769
2IDO.pdb,8355,499
2IGA.pdb,23958,1436
2IHS.pdb,7032,433
2IHW.pdb,29590,1872
2IJ0.pdb,9975,621
2IJZ.pdb,71373,4548
2IMH.pdb,6976,433
2INP.pdb,32150,1952
2INU.pdb,18289,1185
2IOU.pdb,46984,3272
2IP2.pdb,10568,660
2IPH.pdb,5715,357
2ISJ.pdb,28607,1752
2IU9.pdb,16388,1037
2IUO.pdb,26570,1560
2IV9.pdb,7852,478
2IW5.pdb,12845,799
2IWP.pdb,2772,198
2IX2.pdb,11314,712
2IY1.pdb,10369,618
2IYB.pdb,10828,705
2IZ5.pdb,9265,639
2IZZ.pdb,21112,1375
2J0Q.pdb,22014,1384
2J28.pdb,159313,6858
2J4E.pdb,24230,1521
2J4L.pdb,39839,2469
2J59.pdb,29102,1669
2J5T.pdb,43408,2841
2J6R.pdb,7729,509
2J6X.pdb,45872,2897
2J6Y.pdb,7425,416
2J7P.pdb,18079,1107
2J7Q.pdb,10305,602
2J88.pdb,9719,656
2JAQ.pdb,6503,376
2JCD.pdb,10482,628
2JG8.pdb,12663,793
2JGZ.pdb,8965,548
2JI1.pdb,8439,500
2JJ7.pdb,6117,360
2JJS.pdb,7930,465
2JKI.pdb,14712,921
2JL4.pdb,7134,424
2JLM.pdb,17024,1074
2JOD.pdb,2177,139
2JW1.pdb,2120,133
2JZ0.pdb,42920,2600
2K2S.pdb,2703,191
2K42.pdb,33460,2160
2K7I.pdb,38440,2480
2K7L.pdb,1459,85
2KA4.pdb,2453,157
2KHM.pdb,3712,280
2KLH.pdb,4832,304
2KSP.pdb,1896,120
2L0I.pdb,2376,144
2L0T.pdb,37020,2390
2L14.pdb,33860,2160
2L1C.pdb,3379,216
2L9S.pdb,43800,2780
2LAG.pdb,6065,377
2LBU.pdb,5486,355
2LD7.pdb,53900,3380
2LFH.pdb,42640,2720
2LFS.pdb,67754,4218
2LFW.pdb,51120,3285
2LKM.pdb,69340,4280
2LOX.pdb,42620,2700
2LP4.pdb,133746,8825
2LPB.pdb,24518,1495
2LQH.pdb,43040,2780
2LUH.pdb,71480,4520
2LVO.pdb,41340,2560
2LXM.pdb,31410,1990
2LY4.pdb,20830,1300
2M0G.pdb,40010,2490
2M5B.pdb,2965,188
2MEV.pdb,12599,806
2MJ5.pdb,2065,128
2MP0.pdb,6157,398
2MTA.pdb,11513,749
2MV7.pdb,15350,940
2MWS.pdb,2468,154
2N01.pdb,42040,2580
2N1D.pdb,73560,4520
2N2H.pdb,50620,3040
2N73.pdb,102690,6705
2NBV.pdb,61660,3760
2NN3.pdb,7629,495
2NNN.pdb,20815,1319
2NNW.pdb,18846,1154
2NP5.pdb,11381,700
2NQL.pdb,12926,776
2NR5.pdb,8378,462
2NUD.pdb,10243,628
2NUU.pdb,48034,3127
2NUX.pdb,9419,576
2NV2.pdb,90500,5554
2NV4.pdb,4469,262
2NVM.pdb,3557,213
2NX4.pdb,12501,762
2NXM.pdb,3180,206
2NXN.pdb,6078,389
2NYI.pdb,5525,335
2NYX.pdb,9252,578
2NYZ.pdb,13528,869
2NZ7.pdb,3178,191
2O0Y.pdb,15182,982
2O20.pdb,35302,2172
2O38.pdb,3037,176
2O3A.pdb,5363,324
2O3B.pdb,6026,376
2O42.pdb,4253,257
2O4M.pdb,21942,1319
2O74.pdb,16711,992
2O8G.pdb,11712,707
2O8Q.pdb,3991,238
2O8V.pdb,5359,337
2O95.pdb,6279,355
2O9A.pdb,12069,723
2OB9.pdb,3466,206
2OBN.pdb,20924,1348
2OCF.pdb,5253,324
2OD6.pdb,7463,412
2ODM.pdb,2648,156
2OFY.pdb,2698,158
2OGF.pdb,8568,474
2OGJ.pdb,32978,2113
2OGX.pdb,8207,505
2OH1.pdb,11804,671
2OIE.pdb,7039,418
2OIZ.pdb,16131,951
2OKF.pdb,4528,256
2OKI.pdb,3782,244
2OKQ.pdb,4022,245
2OKU.pdb,4206,230
2OL5.pdb,6091,355
2OMX.pdb,9453,569
2OND.pdb,10179,598
2OOJ.pdb,4067,253
2OOR.pdb,14085,915
2OPD.pdb,3871,242
2OPI.pdb,6386,400
2OQ2.pdb,16554,1006
2OQM.pdb,11905,699
2OR0.pdb,12576,771
2OS5.pdb,7714,472
2OS9.pdb,7375,452
2OSZ.pdb,5759,344
2OT3.pdb,6764,410
2OTP.pdb,6042,387
2OTX.pdb,5594,338
2OU5.pdb,5954,346
2OUL.pdb,5535,348
2OUW.pdb,4177,261
2OV9.pdb,12244,795
2OVI.pdb,9859,628
2OX7.pdb,9869,558
2OYA.pdb,3197,204
2OYY.pdb,9396,568
2OZ4.pdb,10782,687
2OZA.pdb,10996,672
2OZK.pdb,18846,1198
2OZN.pdb,4253,264
2P04.pdb,3554,212
2P06.pdb,3067,162
2P0S.pdb,4196,248
2P10.pdb,24844,1549
2P1J.pdb,5578,335
2P22.pdb,8683,525
2P2C.pdb,38192,2464
2P35.pdb,8007,473
2P4W.pdb,6835,395
2P4Z.pdb,8984,551
2P5R.pdb,5457,328
2P5X.pdb,6748,405
2P62.pdb,8087,482
2P6I.pdb,8849,530
2P8I.pdb,8295,459
2P9L.pdb,26766,1694
2PBI.pdb,25330,1529
2PC6.pdb,9899,633
2PCC.pdb,13457,804
2PD1.pdb,6355,397
2PDO.pdb,18674,1074
2PF4.pdb,45988,2904
2PG1.pdb,13720,856
2PG4.pdb,3123,180
2PGC.pdb,15639,989
2PHD.pdb,21358,1397
2PHN.pdb,8439,497
2PIF.pdb,7718,489
2PIH.pdb,4165,242
2PJS.pdb,3529,223
2PJU.pdb,12263,766
2PJW.pdb,2900,171
2PLA.pdb,10654,686
2PLG.pdb,4717,295
2PLR.pdb,7969,418
2PM7.pdb,19950,1229
2PMS.pdb,13821,880
2PMV.pdb,20501,1290
2PNH.pdb,3033,190
2PO2.pdb,8268,503
2PP1.pdb,37411,2354
2PPY.pdb,26004,1541
2PQA.pdb,7622,483
2PQN.pdb,2395,146
2PQV.pdb,5278,298
2PRO.pdb,6214,414
2PRU.pdb,57840,3640
2PTF.pdb,6606,400
2PTT.pdb,3598,211
2PUK.pdb,9065,574
2PUL.pdb,12228,750
2PV2.pdb,7048,436
2PV7.pdb,9414,542
2PVP.pdb,10537,644
2PZD.pdb,3429,212
2PZH.pdb,9161,533
2PZK.pdb,9651,620
2Q03.pdb,4161,260
2Q05.pdb,11592,677
2Q0J.pdb,10007,611
2Q0O.pdb,10669,643
2Q0T.pdb,12745,749
2Q0X.pdb,9070,587
2Q17.pdb,22465,1438
2Q3F.pdb,5858,349
2Q5E.pdb,22884,1427
2Q73.pdb,5637,340
2Q7F.pdb,6080,388
2Q7N.pdb,21377,1320
2Q81.pdb,7376,457
2Q87.pdb,5140,320
2Q97.pdb,7432,462
2QA7.pdb,5587,341
2QAZ.pdb,7278,464
2QBW.pdb,3206,197
2QD0.pdb,2241,133
2QDH.pdb,24286,1448
2QE9.pdb,5614,323
2QFA.pdb,4392,244
2QFC.pdb,9862,578
2QGI.pdb,8679,496
2QGQ.pdb,36972,2110
2QGX.pdb,10167,638
2QH1.pdb,6195,364
2QH9.pdb,5775,340
2QIW.pdb,8153,500
2QIY.pdb,5341,317
2QJA.pdb,5856,386
2QJV.pdb,8994,504
2QJW.pdb,11211,686
2QKM.pdb,23539,1416
2QKO.pdb,10859,690
2QKP.pdb,9389,548
2QL2.pdb,5555,294
2QL3.pdb,39625,2400
2QLC.pdb,16356,995
2QLP.pdb,15051,956
2QLZ.pdb,14064,838
2QNF.pdb,7102,378
2QNU.pdb,6554,423
2QQ1.pdb,17219,1045
2QQZ.pdb,4123,239
2QRD.pdb,17423,1060
2QRE.pdb,16474,1028
2QTQ.pdb,13542,776
2QV0.pdb,4003,244
2QV6.pdb,16417,1008
2QW7.pdb,7269,961
2QXV.pdb,6529,381
2QYI.pdb,12205,796
2QYO.pdb,11564,705
2QYP.pdb,2485,159
2R19.pdb,4268,276
2R1F.pdb,8554,504
2R25.pdb,5017,299
2R2C.pdb,4044,226
2R47.pdb,12427,768
2R4I.pdb,8090,475
2R56.pdb,18210,1182
2R5O.pdb,5600,333
2R6A.pdb,14801,929
2R6O.pdb,8032,491
2R6U.pdb,8206,510
2R78.pdb,7564,456
2R87.pdb,33486,2004
2R8Q.pdb,11055,670
2R9E.pdb,25566,1518
2RA6.pdb,9725,569
2RAF.pdb,9474,569
2RAS.pdb,6626,384
2RB9.pdb,19897,1289
2RBB.pdb,4296,251
2RBD.pdb,5311,305
2RCC.pdb,14821,873
2RD7.pdb,7518,487
2RD9.pdb,12958,736
2RDC.pdb,4317,262
2RDM.pdb,5776,363
2RG7.pdb,15910,1020
2RGN.pdb,26913,1646
2RH0.pdb,8629,520
2RHK.pdb,6018,361
2RHS.pdb,33720,2091
2RJZ.pdb,4312,265
2RK0.pdb,4143,258
2RK9.pdb,3939,229
2RL7.pdb,9976,594
2RP4.pdb,91440,5680
2RVB.pdb,49740,3120
2SPC.pdb,3576,214
2UTG.pdb,2395,140
2UUY.pdb,4500,275
2UV1.pdb,2548,157
2UVP.pdb,12848,723
2UX8.pdb,33824,2192
2UX9.pdb,7710,404
2UZ3.pdb,13044,796
2UZC.pdb,6826,436
2V0O.pdb,13354,816
2V0R.pdb,7849,469
2V0X.pdb,6133,394
2V3B.pdb,6844,434
2V4I.pdb,21757,1500
2V57.pdb,11061,695
2V5H.pdb,36517,2371
2V5Q.pdb,13506,829
2V6B.pdb,16493,1116
2V7X.pdb,13651,873
2V8S.pdb,3961,230
2V8U.pdb,10484,604
2V92.pdb,8335,479
2V9P.pdb,51624,3236
2V9T.pdb,5343,317
2VAX.pdb,65020,4127
2VCG.pdb,23759,1479
2VDB.pdb,9527,629
2VDW.pdb,37631,2282
2VE6.pdb,24804,1532
2VE7.pdb,16415,1010
2VEE.pdb,25734,1520
2VEF.pdb,9126,554
2VER.pdb,3945,253
2VFX.pdb,41385,2438
2VGL.pdb,27797,1717
2VHI.pdb,46979,2969
2VHW.pdb,34756,2228
2VIF.pdb,2303,139
2VJF.pdb,4145,254
2VKO.pdb,7116,413
2VLG.pdb,6760,389
2VLQ.pdb,3683,218
2VMB.pdb,3928,236
2VN8.pdb,11171,713
2VOH.pdb,2997,179
2VPV.pdb,3024,186
2VQA.pdb,16318,1066
2VRC.pdb,17565,1132
2VRN.pdb,5671,368
2VSG.pdb,10797,716
2VT3.pdb,6560,393
2VUB.pdb,13004,788
2VUC.pdb,7339,456
2VUN.pdb,23785,1540
2VVX.pdb,5004,304
2VX8.pdb,8645,540
2VXB.pdb,6933,449
2VXQ.pdb,8353,518
2VZD.pdb,4832,279
2W01.pdb,18324,1193
2W0C.pdb,52754,3424
2W1T.pdb,5415,348
2W2B.pdb,6264,354
2W2U.pdb,2902,171
2W2W.pdb,17633,1186
2W4L.pdb,14605,930
2W4S.pdb,5644,343
2W69.pdb,9512,574
2W6H.pdb,50821,3298
2W80.pdb,22929,1467
2W84.pdb,11820,770
2W8B.pdb,32649,2063
2W8M.pdb,5748,333
2W9S.pdb,15968,942
2WAM.pdb,13312,856
2WB1.pdb,106806,6650
2WBT.pdb,3898,236
2WD5.pdb,6009,368
2WFF.pdb,10883,713
2WFL.pdb,8347,507
2WG3.pdb,17610,1120
2WG5.pdb,16753,1044
2WH6.pdb,3016,179
2WIU.pdb,15825,974
2WIV.pdb,12688,782
2WJ0.pdb,5561,298
2WJ8.pdb,122738,7639
2WJV.pdb,26385,1654
2WKW.pdb,10467,630
2WL8.pdb,7173,432
2WLG.pdb,10368,630
2WMM.pdb,5202,324
2WO3.pdb,5226,318
2WPX.pdb,10574,652
2WQ4.pdb,6346,390
2WQZ.pdb,22371,1443
2WSU.pdb,19769,1211
2WTE.pdb,7105,406
2WTH.pdb,5395,316
2WUK.pdb,4023,220
2WUS.pdb,13095,837
2WVE.pdb,4409,264
2WVM.pdb,11931,747
2WWB.pdb,27762,1591
2WWK.pdb,3229,198
2WY3.pdb,10780,610
2WY8.pdb,6070,358
2WYE.pdb,11574,710
2WYR.pdb,63342,3904
2WZP.pdb,52647,3299
2X0D.pdb,12694,742
2X0G.pdb,7393,450
2X17.pdb,67441,4110
2X1X.pdb,4899,304
2X2E.pdb,11525,666
2X36.pdb,17027,1100
2X3B.pdb,9070,585
2X3F.pdb,9170,562
2X3Y.pdb,23511,1548
2X4I.pdb,6775,409
2X53.pdb,118524,7638
2X5D.pdb,23850,1489
2X5H.pdb,6531,371
2X5Q.pdb,6039,363
2X65.pdb,11231,668
2X6T.pdb,50862,3071
2X7X.pdb,9264,601
2X8K.pdb,11263,727
2X9A.pdb,4532,302
2X9Q.pdb,7293,445
2XCM.pdb,12249,758
2XED.pdb,15372,988
2XFG.pdb,10512,618
2XFV.pdb,3858,216
2XGF.pdb,9680,648
2XGY.pdb,4832,294
2XIU.pdb,2367,131
2XPP.pdb,2817,161
2XQN.pdb,4005,263
2XRA.pdb,9972,641
2XRN.pdb,7281,480
2XSC.pdb,5487,345
2XSN.pdb,21090,1341
2XSO.pdb,118996,7382
2XT2.pdb,6298,391
2XTS.pdb,19280,1186
2XUM.pdb,6032,367
2XVC.pdb,1154,69
2XVT.pdb,7727,469
2XWG.pdb,14108,903
2XWQ.pdb,8443,502
2XWT.pdb,10954,662
2XWX.pdb,12406,770
2XYK.pdb,4389,259
2XYR.pdb,6357,402
2XZ9.pdb,10651,633
2XZE.pdb,5673,322
2Y0M.pdb,5388,312
2Y1H.pdb,7794,527
2Y32.pdb,8519,549
2Y3D.pdb,3629,221
2Y3M.pdb,4493,273
2Y5B.pdb,13880,940
2Y79.pdb,4924,297
2Y7R.pdb,25752,1692
2Y8Q.pdb,7991,479
2Y8T.pdb,13712,855
2Y96.pdb,5638,340
2Y9M.pdb,4500,283
2Y9X.pdb,33265,2108
2YC2.pdb,8441,561
2YCH.pdb,5510,339
2YF3.pdb,15099,906
2YGD.pdb,68280,4200
2YGG.pdb,3625,212
2YH9.pdb,3273,195
2YIL.pdb,12223,779
2YJE.pdb,15875,1081
2YJN.pdb,10532,745
2YLE.pdb,3114,192
2YM9.pdb,14143,927
2YVE.pdb,6030,347
2YVL.pdb,17141,988
2YVS.pdb,7177,438
2YWM.pdb,14632,895
2YXO.pdb,8631,528
2YY7.pdb,10760,624
2YYS.pdb,9269,564
2YYV.pdb,7235,447
2YZE.pdb,37662,2296
2YZJ.pdb,8032,468
2YZR.pdb,14085,904
2YZS.pdb,10584,613
2Z0E.pdb,6829,433
2Z0L.pdb,36282,2344
2Z0P.pdb,10926,635
2Z0T.pdb,7954,434
2Z29.pdb,11193,679
2Z2L.pdb,19477,1277
2Z2M.pdb,18904,1234
2Z2R.pdb,8838,543
2Z2S.pdb,19990,1322
2Z3F.pdb,22322,1370
2Z3J.pdb,7786,504
2Z3N.pdb,7498,470
2Z3Q.pdb,6299,389
2Z3R.pdb,24515,1534
2Z4R.pdb,11840,720
2Z50.pdb,9952,562
2Z58.pdb,5803,384
2Z5C.pdb,13280,838
2Z6E.pdb,25531,1553
2Z6J.pdb,9424,614
2Z71.pdb,10417,661
2Z7E.pdb,6257,416
2Z8I.pdb,16634,1079
2Z8M.pdb,7277,430
2Z9O.pdb,9163,506
2Z9V.pdb,12584,784
2ZAE.pdb,7208,406
2ZB9.pdb,6019,370
2ZBC.pdb,10854,624
2ZBK.pdb,56184,3412
2ZC6.pdb,12350,800
2ZCN.pdb,12957,727
2ZEJ.pdb,5328,307
2ZET.pdb,10486,627
2ZF3.pdb,17591,1089
2ZFD.pdb,4997,299
2ZFW.pdb,7518,448
2ZG6.pdb,6600,397
2ZGI.pdb,17096,976
2ZIH.pdb,16804,1125
2ZIU.pdb,8609,539
2ZJD.pdb,4604,260
2ZME.pdb,10277,628
2ZMV.pdb,6444,405
2ZNJ.pdb,13974,835
2ZNZ.pdb,19484,1166
2ZQK.pdb,9344,621
2ZRT.pdb,21441,1314
2ZSI.pdb,6574,399
2ZSU.pdb,27712,1654
2ZUC.pdb,9472,598
2ZUQ.pdb,17835,1162
2ZV3.pdb,16713,1005
2ZVY.pdb,6288,363
2ZW3.pdb,19746,1206
2ZXW.pdb,62997,3526
2ZXX.pdb,10968,644
2ZYZ.pdb,9552,555
2ZZX.pdb,21891,1313
3A17.pdb,45288,2843
3A1M.pdb,8911,590
3A1P.pdb,8311,492
3A1Y.pdb,9195,559
3A2N.pdb,18907,1193
3A2W.pdb,39627,2437
3A4S.pdb,7147,446
3A5I.pdb,10807,688
3A6M.pdb,4809,332
3A7O.pdb,5467,342
3A8I.pdb,27484,1706
3A98.pdb,11024,648
3AAA.pdb,10359,634
3AAD.pdb,9160,569
3AB0.pdb,10580,718
3AB1.pdb,10289,654
3ABD.pdb,7081,418
3ABK.pdb,63708,3550
3AD8.pdb,26142,1653
3AE8.pdb,17203,1092
3AEH.pdb,8674,554
3AEO.pdb,24475,1544
3AFK.pdb,5456,333
3AFO.pdb,11705,701
3AFQ.pdb,6412,430
3AG3.pdb,63873,3550
3AGF.pdb,9440,597
3AGY.pdb,6275,373
3AHS.pdb,5238,334
3AJ1.pdb,19502,1188
3AJB.pdb,4784,319
3AJF.pdb,6196,351
3AJY.pdb,4510,266
3AL3.pdb,3715,227
3ALP.pdb,9188,605
3ALZ.pdb,8322,526
3ANS.pdb,10288,628
3AO0.pdb,22519,1410
3AON.pdb,4737,279
3AP2.pdb,9923,615
3APY.pdb,38627,2328
3AQJ.pdb,10910,695
3AQQ.pdb,6034,393
3ASO.pdb,63714,3550
3AUY.pdb,11943,723
3AXG.pdb,77598,5158
3AXJ.pdb,7781,457
3AXY.pdb,26592,1626
3AYH.pdb,5283,317
3AYZ.pdb,28474,1730
3B01.pdb,16320,1003
3B08.pdb,14316,836
3B1B.pdb,10568,622
3B42.pdb,4231,255
3B48.pdb,11822,754
3B4Y.pdb,10487,646
3B5K.pdb,3563,211
3B5U.pdb,81704,5250
3B6A.pdb,26000,1688
3B6P.pdb,14079,868
3B83.pdb,11916,761
3B8I.pdb,27830,1692
3B9I.pdb,4051,246
3B9K.pdb,20369,1324
3BA3.pdb,4947,283
3BAL.pdb,9305,596
3BAR.pdb,10883,645
3BB9.pdb,11904,713
3BCW.pdb,3968,233
3BDB.pdb,11699,756
3BE6.pdb,19003,1152
3BEG.pdb,6788,434
3BEY.pdb,8151,537
3BFW.pdb,4473,288
3BG2.pdb,12804,794
3BH3.pdb,15692,977
3BH6.pdb,7538,475
3BHD.pdb,6868,412
3BHQ.pdb,6856,388
3BJ6.pdb,5265,297
3BJB.pdb,16961,1037
3BJD.pdb,16547,955
3BK3.pdb,5116,342
3BL4.pdb,3485,226
3BL5.pdb,18491,1178
3BLH.pdb,9128,546
3BM2.pdb,5292,319
3BM5.pdb,10666,673
3BN3.pdb,6424,376
3BNV.pdb,17407,1089
3BNW.pdb,4940,317
3BP8.pdb,14061,911
3BPD.pdb,20265,1259
3BPJ.pdb,4193,283
3BPQ.pdb,4368,251
3BPZ.pdb,12979,775
3BQA.pdb,5051,292
3BQB.pdb,18337,1137
3BRC.pdb,5167,297
3BRJ.pdb,10770,659
3BRT.pdb,3145,205
3BRW.pdb,18778,1172
3BS5.pdb,2657,157
3BT1.pdb,6678,438
3BT3.pdb,4123,258
3BTI.pdb,12486,744
3BTP.pdb,6771,414
3BTV.pdb,12559,782
3BU2.pdb,11991,756
3BUA.pdb,14458,862
3BV6.pdb,35962,2122
3BWG.pdb,11331,668
3BWL.pdb,8239,471
3BWO.pdb,35684,2165
3BWU.pdb,7560,449
3BWV.pdb,5470,324
3BX7.pdb,4717,293
3BXJ.pdb,10822,706
3BYW.pdb,18934,1253
3BZO.pdb,1704,99
3C0B.pdb,19622,1246
3C0K.pdb,12665,772
3C18.pdb,14868,854
3C1D.pdb,5169,297
3C1L.pdb,33977,2086
3C24.pdb,8868,529
3C3J.pdb,36014,2159
3C3W.pdb,6505,421
3C48.pdb,12677,795
3C5O.pdb,9906,598
3C5W.pdb,12939,816
3C5Y.pdb,54283,3234
3C6M.pdb,20552,1247
3C85.pdb,8775,544
3C8I.pdb,4135,256
3C9A.pdb,8876,511
3C9G.pdb,4229,258
3CAE.pdb,22105,1320
3CAZ.pdb,6839,409
3CBX.pdb,3264,204
3CE9.pdb,21581,1371
3CEA.pdb,21267,1322
3CEW.pdb,7426,460
3CF4.pdb,15048,935
3CFI.pdb,22111,1393
3CG0.pdb,7799,503
3CG8.pdb,12801,814
3CGY.pdb,5910,378
3CI0.pdb,8401,507
3CI6.pdb,5465,310
3CIT.pdb,5124,301
3CJD.pdb,6002,354
3CJH.pdb,10431,659
3CJI.pdb,12581,799
3CJL.pdb,2857,159
3CJX.pdb,19161,1222
3CKD.pdb,12362,763
3CKY.pdb,16745,1129
3CMB.pdb,18205,1034
3CNH.pdb,6667,383
3CNY.pdb,10163,588
3CO2.pdb,6881,502
3CQ6.pdb,17204,1089
3CQ9.pdb,13651,820
3CQC.pdb,6961,433
3CQZ.pdb,54777,3434
3CRC.pdb,7209,445
3CSW.pdb,18305,1089
3CSY.pdb,46129,3054
3CT6.pdb,4255,258
3CTM.pdb,32876,2144
3CUE.pdb,65488,4036
3CVJ.pdb,15317,938
3CW2.pdb,48663,3023
3CX5.pdb,73540,4477
3CYJ.pdb,21887,1436
3CYQ.pdb,35308,2123
3D03.pdb,26292,1632
3D0F.pdb,3717,208
3D0T.pdb,4995,308
3D0W.pdb,5875,337
3D12.pdb,18712,1138
3D1E.pdb,11985,738
3D1L.pdb,8377,502
3D1M.pdb,8051,484
3D36.pdb,8226,480
3D3K.pdb,14924,932
3D3N.pdb,7879,487
3D4I.pdb,17213,1065
3D4R.pdb,15194,910
3D54.pdb,45435,2874
3D5N.pdb,21237,1338
3D5S.pdb,11646,724
3D6K.pdb,25649,1599
3D6R.pdb,4203,241
3D72.pdb,5366,298
3D7J.pdb,12990,794
3D87.pdb,13927,914
3D8A.pdb,8784,561
3D8U.pdb,7662,526
3D9R.pdb,8254,520
3D9X.pdb,5387,339
3DAL.pdb,5766,345
3DAW.pdb,8249,512
3DB0.pdb,3776,237
3DBI.pdb,13036,806
3DBO.pdb,2500,160
3DCA.pdb,7453,508
3DCL.pdb,21896,1353
3DDC.pdb,4977,299
3DDH.pdb,7618,439
3DDM.pdb,21454,1452
3DDV.pdb,8373,518
3DFE.pdb,7111,482
3DFZ.pdb,6676,395
3DGC.pdb,11400,691
3DGE.pdb,11832,718
3DGP.pdb,2184,125
3DH7.pdb,20054,1265
3DHW.pdb,34036,2184
3DI2.pdb,9357,616
3DI3.pdb,4850,311
3DI4.pdb,9068,544
3DKB.pdb,35118,2112
3DKU.pdb,19163,1201
3DKW.pdb,36720,2270
3DL2.pdb,8896,576
3DMC.pdb,4609,260
3DN7.pdb,5183,288
3DNH.pdb,7440,463
3DNM.pdb,17979,1175
3DO8.pdb,4497,258
3DOF.pdb,5065,309
3DP3.pdb,15254,904
3DP7.pdb,11212,701
3DPI.pdb,7739,499
3DPO.pdb,7311,444
3DPY.pdb,11937,733
3DRX.pdb,13765,856
3DSB.pdb,5579,292
3DSN.pdb,14302,945
3DTN.pdb,7058,433
3DTO.pdb,12204,724
3DTP.pdb,41144,2566
3DTT.pdb,7076,430
3DUG.pdb,48779,3146
3DUK.pdb,11502,732
3DVP.pdb,3030,188
3DWG.pdb,11770,738
3DXB.pdb,27126,1695
3DXD.pdb,4870,307
3DZ2.pdb,5132,305
3DZA.pdb,12066,695
3DZC.pdb,12104,746
3DZM.pdb,9407,614
3E05.pdb,24348,1520
3E08.pdb,39285,2227
3E0J.pdb,34237,2213
3E17.pdb,2739,159
3E18.pdb,11318,685
3E19.pdb,4677,299
3E1Z.pdb,5242,321
3E38.pdb,11286,669
3E48.pdb,9643,542
3E4C.pdb,8659,540
3E5P.pdb,17661,1112
3E6M.pdb,18909,1168
3E7L.pdb,4175,237
3E96.pdb,9804,596
3E98.pdb,5465,348
3E9M.pdb,19844,1256
3EAB.pdb,11985,759
3EAS.pdb,6677,415
3EBA.pdb,3937,252
3ECS.pdb,36383,2230
3EDP.pdb,7495,431
3EEY.pdb,30222,1887
3EF2.pdb,19682,1164
3EFY.pdb,6511,365
3EFZ.pdb,14379,867
3EG5.pdb,16717,1030
3EGH.pdb,13080,816
3EGR.pdb,1969,123
3EGV.pdb,5593,331
3EH4.pdb,12351,756
3EIQ.pdb,16262,1013
3EJH.pdb,3470,210
3EJO.pdb,9427,583
3ELV.pdb,4673,289
3EMJ.pdb,32020,1978
3EMO.pdb,5208,378
3EN0.pdb,12871,791
3ENT.pdb,3887,234
3EO8.pdb,23252,1278
3EPW.pdb,10811,652
3EPY.pdb,2807,174
3EPZ.pdb,6837,442
3EQX.pdb,12499,720
3ER6.pdb,18096,1133
3ERW.pdb,15122,909
3ES5.pdb,11743,757
3ES8.pdb,50075,3096
3ESK.pdb,2205,136
3EUA.pdb,42167,2555
3EUH.pdb,23021,1413
3EUK.pdb,36971,2308
3EUS.pdb,2679,162
3EVY.pdb,2865,167
3EZ0.pdb,13304,823
3EZ6.pdb,12605,782
3EZJ.pdb,19825,1271
3EZQ.pdb,27813,1712
3EZY.pdb,21848,1328
3F0N.pdb,11987,760
3F1I.pdb,3247,199
3F1P.pdb,3905,225
3F3S.pdb,10089,623
3F4N.pdb,30416,1932
3F51.pdb,8357,557
3F62.pdb,4148,253
3F6O.pdb,3092,188
3F7P.pdb,17043,1069
3F8F.pdb,3788,225
3F8H.pdb,4582,266
3F8U.pdb,25751,1653
3F8X.pdb,8775,510
3F90.pdb,17693,1176
3FA4.pdb,51644,3407
3FA9.pdb,4531,274
3FAU.pdb,5303,308
3FBN.pdb,4765,290
3FBZ.pdb,8417,476
3FCG.pdb,2215,146
3FD4.pdb,4791,287
3FDS.pdb,14212,842
3FF8.pdb,6966,425
3FFK.pdb,22589,1413
3FFU.pdb,4437,266
3FG8.pdb,10603,620
3FG9.pdb,15047,885
3FGT.pdb,8858,523
3FHC.pdb,9638,605
3FIL.pdb,1989,111
3FJG.pdb,15102,924
3FJS.pdb,6391,411
3FJU.pdb,6446,372
3FK9.pdb,4839,306
3FKF.pdb,9378,555
3FKH.pdb,12199,758
3FLD.pdb,4675,305
3FLO.pdb,40020,2464
3FLP.pdb,46759,3038
3FMA.pdb,7088,440
3FMB.pdb,3650,200
3FMT.pdb,13227,720
3FN1.pdb,4101,250
3FN2.pdb,3368,188
3FOK.pdb,44855,2820
3FPU.pdb,2673,166
3FPV.pdb,16489,1128
3FQ6.pdb,3675,227
3FRW.pdb,12600,726
3FRY.pdb,2269,145
3FSH.pdb,5636,355
3FUY.pdb,7482,460
3FVM.pdb,10845,698
3FWC.pdb,26810,1626
3FWE.pdb,6740,405
3FWS.pdb,4896,291
3FXA.pdb,11976,746
3FXD.pdb,3451,214
3FXT.pdb,11570,711
3FY6.pdb,8207,465
3FYB.pdb,3137,176
3FYF.pdb,4838,315
3FZ0.pdb,20784,1319
3G0I.pdb,12652,770
3G13.pdb,4934,276
3G16.pdb,5137,301
3G2E.pdb,11726,735
3G2O.pdb,7428,472
3G33.pdb,16387,1039
3G3B.pdb,16575,1065
3G3R.pdb,9774,571
3G3Z.pdb,4621,280
3G5W.pdb,31460,1908
3G67.pdb,7442,425
3G7K.pdb,20770,1369
3G8L.pdb,10159,624
3G8Q.pdb,17474,1109
3G8R.pdb,10620,653
3G9K.pdb,14495,867
3G9W.pdb,8756,500
3GAA.pdb,18819,1213
3GAG.pdb,13778,788
3GAS.pdb,25465,1454
3GBU.pdb,19763,1188
3GC3.pdb,10971,678
3GDH.pdb,10563,627
3GFD.pdb,7952,439
3GFK.pdb,3476,194
3GFU.pdb,12829,860
3GGJ.pdb,6700,425
3GIF.pdb,4410,284
3GJB.pdb,8607,531
3GJO.pdb,4604,282
3GJZ.pdb,10853,652
3GL1.pdb,12453,764
3GLC.pdb,85654,5520
3GNI.pdb,10554,639
3GNJ.pdb,7154,424
3GOR.pdb,10114,589
3GOX.pdb,7155,398
3GPG.pdb,10479,644
3GQH.pdb,7775,489
3GQI.pdb,8464,530
3GSD.pdb,21642,1258
3GTY.pdb,9351,561
3GU3.pdb,9185,536
3GUY.pdb,26156,1685
3GVI.pdb,29029,1883
3GWH.pdb,3389,199
3GWL.pdb,3850,208
3GWN.pdb,4106,226
3GWR.pdb,4078,245
3GXG.pdb,10872,608
3GXW.pdb,6957,376
3GXY.pdb,3313,202
3GYD.pdb,5950,346
3GZ1.pdb,5031,309
3GZ8.pdb,10369,618
3GZE.pdb,13036,808
3GZR.pdb,4986,279
3GZT.pdb,52265,3315
3H05.pdb,5319,318
3H11.pdb,7260,445
3H2U.pdb,14382,915
3H35.pdb,6932,419
3H3M.pdb,2593,167
3H4S.pdb,7442,455
3H6G.pdb,12355,760
3H6K.pdb,16385,1037
3H6S.pdb,23411,1480
3H77.pdb,10888,667
3H87.pdb,7142,418
3H8D.pdb,10200,614
3H8L.pdb,11534,712
3H90.pdb,17868,1132
3H9G.pdb,21836,1393
3HA4.pdb,15552,936
3HB1.pdb,16585,1025
3HCG.pdb,9661,569
3HCS.pdb,5152,314
3HDJ.pdb,9757,614
3HE3.pdb,60475,3632
3HEF.pdb,4204,253
3HF5.pdb,7959,450
3HG9.pdb,3708,239
3HGU.pdb,11343,697
3HH0.pdb,8954,513
3HHH.pdb,3483,201
3HHI.pdb,8376,518
3HI2.pdb,5152,317
3HIE.pdb,11010,642
3HIM.pdb,5713,382
3HJ9.pdb,6856,409
3HJP.pdb,10318,632
3HJU.pdb,9311,582
3HKL.pdb,4502,294
3HL4.pdb,5949,353
3HL6.pdb,6168,381
3HL9.pdb,24604,1572
3HLI.pdb,20265,1249
3HMK.pdb,10042,643
3HMX.pdb,13871,902
3HN6.pdb,25652,1610
3HO7.pdb,7534,440
3HPK.pdb,3447,219
3HPV.pdb,18486,1161
3HQI.pdb,9164,590
3HQR.pdb,3919,242
3HR7.pdb,5265,306
3HRQ.pdb,10452,636
3HS3.pdb,8777,528
3HSE.pdb,3920,237
3HSH.pdb,5892,335
3HT2.pdb,4721,278
3HTA.pdb,11425,736
3HTR.pdb,2946,184
3HTU.pdb,7467,439
3HUG.pdb,21011,1363
3HWP.pdb,9474,552
3HWS.pdb,28471,1885
3HXJ.pdb,19226,1185
3HY2.pdb,9279,571
3HZ4.pdb,3911,232
3HZO.pdb,8434,536
3I2B.pdb,25341,1651
3I38.pdb,19222,1192
3I54.pdb,13193,877
3I5V.pdb,18115,1139
3I6P.pdb,8063,540
3I71.pdb,1887,114
3I7U.pdb,9879,534
3I9S.pdb,10563,626
3I9V.pdb,74790,4736
3IA0.pdb,80304,5328
3IA3.pdb,7178,450
3IA8.pdb,5528,312
3IAI.pdb,18200,1014
3IAU.pdb,11458,704
3IB6.pdb,11277,715
3IBM.pdb,4734,291
3IC3.pdb,6209,360
3IC5.pdb,3485,224
3IDF.pdb,4337,273
3IEC.pdb,22128,1302
3IF4.pdb,6374,391
3IF8.pdb,7986,502
3IFQ.pdb,19595,1258
3IGF.pdb,11011,665
3IGM.pdb,2998,149
3IIC.pdb,4635,290
3IIF.pdb,8607,547
3IJ6.pdb,19626,1210
3IJM.pdb,4918,289
3IKK.pdb,4049,250
3IMO.pdb,7106,438
3IMQ.pdb,10911,672
3IN6.pdb,4760,286
3IO1.pdb,11802,764
3IOY.pdb,8352,547
3IQ2.pdb,4590,246
3IR1.pdb,23488,1444
3IRB.pdb,4436,269
3ISA.pdb,23923,1441
3ISL.pdb,12380,774
3ISM.pdb,12729,778
3IUW.pdb,2820,155
3IVP.pdb,7515,443
3IX1.pdb,9339,602
3IX7.pdb,4157,259
3IX8.pdb,10897,660
3IXE.pdb,4135,241
3IXS.pdb,13518,812
3JRV.pdb,5159,301
3JSJ.pdb,11548,723
3JSK.pdb,71743,4646
3JTX.pdb,13138,774
3JVC.pdb,5335,337
3JX9.pdb,5635,330
3JXO.pdb,2641,169
3K0Z.pdb,5024,292
3K1I.pdb,7244,449
3K1R.pdb,4558,266
3K25.pdb,9213,574
3K33.pdb,4862,347
3K3C.pdb,10381,604
3K4G.pdb,10940,620
3K4W.pdb,54703,3372
3K4Y.pdb,8460,508
3K53.pdb,17883,1070
3K5H.pdb,24769,1524
3K67.pdb,5302,312
3K6C.pdb,15259,889
3K6G.pdb,6168,371
3K6Q.pdb,9365,541
3K6T.pdb,3494,203
3K75.pdb,12477,791
3K8P.pdb,14796,869
3KAE.pdb,14076,914
3KAS.pdb,13027,789
3KBO.pdb,20734,1216
3KBT.pdb,14063,886
3KCP.pdb,7312,466
3KCV.pdb,38652,2510
3KDG.pdb,6332,378
3KDQ.pdb,9901,597
3KE2.pdb,4670,287
3KG8.pdb,9029,564
3KG9.pdb,9311,560
3KH1.pdb,6502,378
3KH2.pdb,12130,770
3KH8.pdb,9481,579
3KIH.pdb,7247,457
3KIK.pdb,7927,481
3KIN.pdb,11457,708
3KJ0.pdb,3078,181
3KK4.pdb,8497,488
3KKD.pdb,9564,593
3KKI.pdb,12673,772
3KL5.pdb,24208,1535
3KL9.pdb,61857,4056
3KLQ.pdb,4271,267
3KLS.pdb,55328,3482
3KMH.pdb,7375,434
3KML.pdb,36975,2397
3KMT.pdb,6232,378
3KNW.pdb,5758,343
3KOC.pdb,14562,906
3KP1.pdb,55964,3340
3KS7.pdb,24688,1539
3KTC.pdb,11172,650
3KTM.pdb,22341,1396
3KTS.pdb,23304,1474
3KU4.pdb,18611,1158
3KUC.pdb,4127,243
3KVZ.pdb,16637,1064
3KW0.pdb,11937,758
3KWV.pdb,40576,2551
3KXE.pdb,5328,331
3KXY.pdb,29942,1890
3KY8.pdb,5897,349
3KYG.pdb,7802,454
3KYJ.pdb,4140,258
3KYS.pdb,8496,516
3KZ1.pdb,17761,1075
3KZH.pdb,9757,604
3KZI.pdb,49994,2597
3KZQ.pdb,21285,1236
3L09.pdb,15434,993
3L0I.pdb,15310,938
3L0R.pdb,3492,216
3L0W.pdb,5226,329
3L2H.pdb,10816,612
3L31.pdb,7290,465
3L34.pdb,15504,949
3L6Y.pdb,18034,1183
3L7T.pdb,9025,532
3L82.pdb,6182,374
3L89.pdb,56537,3715
3L9F.pdb,11420,680
3L9J.pdb,4575,279
3L9K.pdb,8472,532
3L9W.pdb,11563,695
3LA6.pdb,64897,4141
3LA7.pdb,6871,414
3LAO.pdb,10605,657
3LB6.pdb,11824,751
3LB8.pdb,16043,1043
3LBX.pdb,5317,322
3LD8.pdb,12206,761
3LED.pdb,12686,730
3LEE.pdb,30086,1879
3LFK.pdb,8043,455
3LFR.pdb,4140,245
3LG2.pdb,17224,1064
3LGA.pdb,17072,1012
3LGS.pdb,15558,983
3LH2.pdb,17885,1210
3LHX.pdb,9341,585
3LIS.pdb,3292,192
3LIZ.pdb,12498,753
3LJL.pdb,4767,288
3LJQ.pdb,9152,569
3LK4.pdb,104727,6435
3LKU.pdb,16907,1013
3LLK.pdb,12370,725
3LLM.pdb,7457,460
3LMA.pdb,19355,1226
3LMS.pdb,6168,383
3LNL.pdb,11018,656
3LNN.pdb,8623,586
3LO3.pdb,41843,2604
3LOR.pdb,9591,590
3LOT.pdb,20950,1203
3LOU.pdb,19008,1100
3LP6.pdb,10178,669
3LQ6.pdb,9786,626
3LQV.pdb,5171,304
3LR2.pdb,3799,254
3LRJ.pdb,11870,794
3LRQ.pdb,5444,320
3LRU.pdb,5256,300
3LSJ.pdb,6775,409
3LTE.pdb,46196,2873
3LUB.pdb,49367,2953
3LVK.pdb,7307,464
3LVY.pdb,17075,1071
3LW7.pdb,5399,340
3LWF.pdb,9397,560
3LYH.pdb,3881,238
3LYQ.pdb,6106,369
3LYV.pdb,5205,307
3M0Z.pdb,16497,964
3M1A.pdb,40145,2691
3M1C.pdb,13323,865
3M1R.pdb,30028,1859
3M2T.pdb,11102,664
3M2V.pdb,40030,2465
3M3R.pdb,16831,2051
3M4W.pdb,20643,1264
3M5O.pdb,6505,410
3M65.pdb,6694,408
3M6N.pdb,13075,796
3M85.pdb,32444,2058
3M8A.pdb,14983,862
3M8E.pdb,3167,194
3M8J.pdb,2953,178
3M8N.pdb,12812,782
3M92.pdb,2578,159
3MAL.pdb,5945,362
3MCA.pdb,11584,718
3MCZ.pdb,10791,657
3MDO.pdb,11914,704
3ME4.pdb,4991,319
3MEN.pdb,20431,1357
3MES.pdb,12371,715
3MEX.pdb,4730,284
3MF0.pdb,11849,747
3MF1.pdb,9144,570
3MGC.pdb,6966,482
3MGX.pdb,12373,778
3MHF.pdb,22583,1292
3MHH.pdb,11755,711
3MIL.pdb,8356,478
3MJ7.pdb,6833,418
3MJK.pdb,12914,750
3MJO.pdb,10120,592
3MJQ.pdb,3425,205
3MK7.pdb,62163,3979
3MKQ.pdb,46490,2961
3MKR.pdb,9815,611
3MLG.pdb,5051,322
3MMY.pdb,25960,1621
3MOQ.pdb,8111,504
3MPO.pdb,15490,964
3MQ0.pdb,7819,491
3MQH.pdb,19856,1146
3MQW.pdb,12802,817
3MR7.pdb,8163,502
3MTS.pdb,3113,181
3MVP.pdb,6456,396
3MWE.pdb,11949,744
3MXN.pdb,4689,282
3MZK.pdb,20796,1360
3MZO.pdb,10218,602
3N06.pdb,6588,392
3N10.pdb,5849,352
3N29.pdb,12208,738
3N2L.pdb,23939,1488
3N2S.pdb,16251,967
3N3D.pdb,10196,635
3N40.pdb,12726,794
3N4P.pdb,14081,873
3N4S.pdb,6974,398
3N50.pdb,13932,888
3N7R.pdb,5142,345
3N9X.pdb,12923,748
3NAP.pdb,12871,787
3NAU.pdb,1913,112
3NCT.pdb,8668,539
3NDH.pdb,8202,442
3NE2.pdb,28862,1955
3NEK.pdb,7129,431
3NFC.pdb,8530,559
3NFG.pdb,27513,1700
3NGF.pdb,8782,518
3NGZ.pdb,6965,417
3NHV.pdb,10820,663
3NI7.pdb,5351,329
3NIC.pdb,31547,1850
3NJ2.pdb,5218,303
3NJA.pdb,6924,419
3NJC.pdb,5018,286
3NJH.pdb,7691,484
3NK3.pdb,9116,589
3NKH.pdb,7496,428
3NKZ.pdb,6451,369
3NM7.pdb,5272,309
3NMZ.pdb,15178,975
3NN2.pdb,20724,1194
3NND.pdb,20441,1286
3NO7.pdb,2144,119
3NOQ.pdb,7372,456
3NPG.pdb,15249,951
3NQN.pdb,4683,296
3NQO.pdb,5758,347
3NR1.pdb,5938,356
3NRJ.pdb,32838,2081
3NRT.pdb,9566,553
3NRV.pdb,9294,525
3NS6.pdb,3465,198
3NTE.pdb,7105,437
3NTQ.pdb,10741,674
3NUT.pdb,15127,961
3NVN.pdb,13910,857
3NVV.pdb,39926,2467
3NWS.pdb,12914,780
3NXZ.pdb,9658,593
3NYB.pdb,6195,387
3NYM.pdb,4231,226
3O0L.pdb,3468,213
3O0R.pdb,16428,1029
3O10.pdb,9178,539
3O2I.pdb,4820,279
3O34.pdb,3139,188
3O3M.pdb,26206,1548
3O3P.pdb,10102,635
3O5C.pdb,20626,1226
3O5T.pdb,6506,395
3O61.pdb,12316,746
3O6B.pdb,21145,1272
3O6Q.pdb,6202,368
3O7X.pdb,7036,437
3O91.pdb,12299,751
3OAK.pdb,6104,362
3OBK.pdb,43528,2816
3OCD.pdb,12828,818
3OED.pdb,13228,848
3OEU.pdb,99437,6330
3OGH.pdb,4851,284
3OGI.pdb,4101,251
3OJI.pdb,6290,366
3OKJ.pdb,100034,6368
3OL3.pdb,3155,190
3OM1.pdb,12367,740
3OMT.pdb,2453,135
3ON0.pdb,8269,488
3ON5.pdb,10108,647
3ONA.pdb,3473,224
3ONL.pdb,6043,371
3OOQ.pdb,62188,3725
3OPC.pdb,3922,255
3OQ2.pdb,3597,201
3OQB.pdb,47807,2953
3OQP.pdb,6679,409
3OR1.pdb,29649,1848
3OR3.pdb,6597,362
3OSY.pdb,14565,935
3OTE.pdb,7906,480
3OUN.pdb,5427,347
3OUO.pdb,11833,698
3OV3.pdb,24705,1556
3OWT.pdb,5174,316
3OYF.pdb,10234,588
3OZB.pdb,21754,1432
3P01.pdb,7778,513
3P0C.pdb,3640,219
3P16.pdb,33521,2238
3P37.pdb,10838,687
3P4G.pdb,18428,1227
3P52.pdb,7369,444
3P6K.pdb,12154,730
3P71.pdb,10065,618
3P72.pdb,4655,280
3P83.pdb,21140,1351
3P8B.pdb,6833,414
3P8C.pdb,44813,2685
3P9I.pdb,22528,1421
3P9T.pdb,6920,422
3PB2.pdb,29079,1784
3PC8.pdb,5771,348
3PCC.pdb,41970,2598
3PCQ.pdb,48044,2243
3PCS.pdb,22397,1447
3PG9.pdb,41620,2704
3PGA.pdb,20366,1318
3PH0.pdb,3735,226
3PH1.pdb,11496,715
3PHF.pdb,189712,12176
3PIM.pdb,8465,513
3PJN.pdb,4994,315
3PJS.pdb,21780,1424
3PJV.pdb,4189,249
3PL0.pdb,8275,492
3PND.pdb,20236,1259
3PNK.pdb,10731,708
3PNR.pdb,5870,369
3PNW.pdb,58772,3932
3PPE.pdb,6941,406
3PQK.pdb,9371,597
3PQR.pdb,5742,337
3PR7.pdb,12027,876
3PRB.pdb,7366,447
3PRP.pdb,8037,472
3PRU.pdb,9224,550
3PS4.pdb,6016,388
3PUT.pdb,5060,301
3PUV.pdb,30179,1881
3PUZ.pdb,29628,1873
3PV6.pdb,5157,326
3PVR.pdb,12946,788
3PWS.pdb,11012,714
3PXX.pdb,25527,1656
3PYI.pdb,4956,285
3Q0V.pdb,6139,382
3Q0Y.pdb,15069,868
3Q1P.pdb,6847,390
3Q4H.pdb,4766,318
3Q58.pdb,7463,447
3Q6A.pdb,16799,1053
3Q6D.pdb,22569,1416
3Q7G.pdb,6233,398
3Q7H.pdb,43169,2573
3Q87.pdb,4731,286
3Q9D.pdb,5940,350
3Q9U.pdb,9226,589
3Q9V.pdb,3399,197
3QB2.pdb,9542,620
3QBR.pdb,6065,371
3QBU.pdb,19471,1160
3QBX.pdb,10807,715
3QC8.pdb,4216,250
3QE9.pdb,12712,734
3QFM.pdb,8527,508
3QGK.pdb,72677,4722
3QIS.pdb,5134,306
3QIT.pdb,18589,1117
3QKW.pdb,21487,1307
3QML.pdb,20626,1282
3QMW.pdb,15412,982
3QNA.pdb,11473,708
3QNI.pdb,9037,539
3QNR.pdb,14478,925
3QOE.pdb,9222,559
3QP8.pdb,11783,728
3QPB.pdb,70576,4487
3QQ2.pdb,11247,744
3QQW.pdb,25482,1685
3QRF.pdb,17483,984
3QTA.pdb,6500,394
3QTH.pdb,5328,326
3QU2.pdb,14512,884
3QVI.pdb,21519,1304
3QW2.pdb,25544,1568
3QWN.pdb,38321,2427
3QWU.pdb,12391,730
3QYF.pdb,9118,535
3QYQ.pdb,17800,1084
3R0Q.pdb,21073,1401
3R1F.pdb,34243,2138
3R1G.pdb,12413,812
3R1X.pdb,18369,1151
3R2J.pdb,11846,796
3R3S.pdb,19844,1168
3R3W.pdb,9546,583
3R45.pdb,3788,217
3R4D.pdb,13741,856
3R4K.pdb,15556,994
3R4Q.pdb,10545,673
3R5X.pdb,19575,1127
3R6A.pdb,3965,235
3R84.pdb,31984,1840
3R8K.pdb,11080,706
3R8Y.pdb,20308,1234
3R9A.pdb,21918,1355
3RAM.pdb,24617,1538
3RBB.pdb,6328,378
3RBN.pdb,7973,495
3RBQ.pdb,17527,1025
3RBX.pdb,20040,1320
3RCY.pdb,50572,3166
3RDZ.pdb,8701,574
3REP.pdb,6712,392
3RF1.pdb,9339,561
3RF6.pdb,11333,692
3RFH.pdb,18061,1176
3RGB.pdb,39110,2439
3RGF.pdb,10142,587
3RGU.pdb,5088,346
3RH7.pdb,25309,1713
3RHF.pdb,18266,1104
3RHT.pdb,16084,984
3RHU.pdb,4548,282
3RKO.pdb,61944,3904
3RLB.pdb,6229,353
3RLQ.pdb,7264,445
3RMR.pdb,11010,693
3RMU.pdb,8712,536
3RPF.pdb,6673,422
3RPG.pdb,5738,349
3RRI.pdb,4660,256
3RT0.pdb,15730,972
3RTY.pdb,39507,2433
3RV0.pdb,16772,1003
3RV2.pdb,11852,746
3RVZ.pdb,7570,438
3S19.pdb,17706,1024
3S1J.pdb,6843,393
3S1M.pdb,57171,3574
3S2D.pdb,57327,3578
3S5R.pdb,5981,375
3S5U.pdb,27739,1678
3S6L.pdb,9895,777
3S6Z.pdb,14134,877
3S7R.pdb,2555,157
3S8V.pdb,20146,1277
3S97.pdb,14938,925
3S9C.pdb,4095,241
3SB1.pdb,3755,238
3SC6.pdb,27776,1684
3SCH.pdb,5872,379
3SDL.pdb,7962,494
3SF4.pdb,18147,1183
3SF5.pdb,15958,980
3SF8.pdb,6007,376
3SGB.pdb,3455,235
3SGQ.pdb,3439,236
3SIP.pdb,11295,712
3SJA.pdb,31623,2002
3SJR.pdb,7314,458
3SK2.pdb,4696,264
3SL7.pdb,4728,278
3SLG.pdb,31063,1972
3SM1.pdb,3748,231
3SN6.pdb,20299,1318
3SO5.pdb,3487,196
3SPS.pdb,14544,933
3SQD.pdb,7247,428
3SSO.pdb,40001,2361
3STB.pdb,7139,470
3SVR.pdb,14971,899
3SWC.pdb,8605,537
3SXY.pdb,7120,402
3SYL.pdb,8456,576
3SYN.pdb,17949,1096
3SZP.pdb,9640,578
3T1Q.pdb,6968,443
3T2N.pdb,22916,1505
3T30.pdb,15271,922
3T38.pdb,6149,385
3T3A.pdb,3854,241
3T3X.pdb,3854,243
3T4N.pdb,9082,554
3T5P.pdb,51421,3423
3T6G.pdb,13341,837
3T6O.pdb,5863,345
3T88.pdb,26875,1686
3T8E.pdb,10295,681
3T91.pdb,6889,429
3TAC.pdb,9912,616
3TDU.pdb,10010,568
3TEO.pdb,53774,3183
3TG1.pdb,7544,464
3TG9.pdb,10353,648
3TGN.pdb,4704,281
3THA.pdb,8053,489
3THO.pdb,11948,723
3THT.pdb,19458,1211
3TII.pdb,9590,624
3TIX.pdb,18685,1145
3TK1.pdb,9029,612
3TKR.pdb,33648,1968
3TL3.pdb,6923,470
3TL8.pdb,25226,1560
3TLF.pdb,24316,1530
3TMK.pdb,29327,1711
3TND.pdb,12841,797
3TNF.pdb,9146,549
3TOS.pdb,45921,2477
3TOZ.pdb,37698,2315
3TPU.pdb,39084,2510
3TQC.pdb,10533,608
3TQY.pdb,6943,416
3TS3.pdb,13794,814
3TS8.pdb,16521,988
3TSZ.pdb,5665,351
3TU3.pdb,10420,645
3TUZ.pdb,35137,2233
3TW8.pdb,16969,1047
3TWO.pdb,11086,695
3TXQ.pdb,15567,957
3TY6.pdb,16281,1066
3U02.pdb,15861,913
3U0H.pdb,9181,550
3U1D.pdb,5006,286
3U1J.pdb,3867,242
3U1O.pdb,13483,786
3U52.pdb,30784,1869
3U5Z.pdb,70184,4322
3U61.pdb,33425,2092
3UBX.pdb,25142,1618
3UC0.pdb,16544,1079
3UGV.pdb,45325,2905
3UI2.pdb,3814,247
3UIN.pdb,7268,456
3UK7.pdb,17838,1146
3UKV.pdb,10319,703
3UL4.pdb,3505,205
3ULA.pdb,13748,832
3ULQ.pdb,7315,434
3UO3.pdb,5526,321
3UVN.pdb,9591,625
3UYO.pdb,3317,208
3UZ0.pdb,7573,503
3UZP.pdb,9531,576
3V3K.pdb,50438,3238
3V5N.pdb,21701,1373
3V6O.pdb,19957,1225
3V6Z.pdb,17868,1176
3VCB.pdb,2836,178
3VEP.pdb,7253,458
3VG8.pdb,17505,1083
3VG9.pdb,11764,733
3VGK.pdb,36070,2485
3VH0.pdb,20762,1308
3VH3.pdb,6681,433
3VLB.pdb,18232,1243
3VV2.pdb,5733,385
3VYR.pdb,7124,443
3W8I.pdb,4193,251
3WA5.pdb,8634,520
3WDG.pdb,5596,326
3WKM.pdb,18811,1194
3WN7.pdb,9871,620
3WO3.pdb,42436,2624
3WQB.pdb,10718,696
3WWN.pdb,5107,317
3ZET.pdb,8729,563
3ZNZ.pdb,6996,412
3ZQP.pdb,10905,683
3ZRJ.pdb,5854,349
3ZTG.pdb,2788,184
3ZUP.pdb,8323,506
3ZV0.pdb,15870,963
3ZVK.pdb,14610,852
3ZWL.pdb,12354,769
3ZXQ.pdb,3857,247
3ZYJ.pdb,22416,1444
3ZYL.pdb,8685,507
3ZZV.pdb,4361,261
4A94.pdb,11239,706
4AEI.pdb,22713,1483
4AP2.pdb,9385,625
4APX.pdb,7809,446
4AQE.pdb,7344,444
4AWX.pdb,5008,315
4AYE.pdb,16964,1091
4B4S.pdb,2802,172
4BD9.pdb,7310,469
4BFI.pdb,6351,393
4BKX.pdb,8323,530
4BPX.pdb,19190,1147
4BQD.pdb,3045,181
4C2A.pdb,7756,468
4C4P.pdb,3830,223
4C7N.pdb,1744,98
4C9B.pdb,11076,666
4CAD.pdb,42771,2737
4CDK.pdb,15732,1040
4CJ1.pdb,10224,607
4CMM.pdb,3956,236
4CNI.pdb,20042,1209
4CT0.pdb,9159,582
4D0N.pdb,8997,550
4DBG.pdb,3640,228
4DID.pdb,4936,306
4DT1.pdb,6303,404
4DVG.pdb,7559,458
4DX8.pdb,16354,1019
4EQA.pdb,9565,592
4ETP.pdb,11118,666
4ETW.pdb,10569,660
4EUK.pdb,4609,288
4EXP.pdb,7483,454
4F0A.pdb,6471,412
4F2M.pdb,17697,1154
4F37.pdb,17045,1090
4F38.pdb,6116,382
4F48.pdb,5383,338
4F9L.pdb,12799,891
4FQ0.pdb,7915,522
4FQJ.pdb,11300,731
4FZV.pdb,8488,568
4G59.pdb,13751,853
4G6U.pdb,5893,365
4G6V.pdb,13809,936
4G80.pdb,34636,2271
4GAF.pdb,7703,458
4GAM.pdb,76742,4788
4GEH.pdb,8668,530
4GH7.pdb,14203,901
4GI3.pdb,5029,331
4GN5.pdb,7984,478
4H5S.pdb,3492,196
4H88.pdb,8472,533
4HC1.pdb,18971,1262
4HCP.pdb,5200,320
4HDO.pdb,8030,473
4HEP.pdb,4606,292
4HT1.pdb,8537,558
4HX3.pdb,21610,1466
4I6L.pdb,4864,292
4IC7.pdb,14421,942
4IU3.pdb,7182,443
4IYP.pdb,5358,317
4IZ7.pdb,13042,774
4J32.pdb,4421,258
4J4P.pdb,23031,1508
4JCV.pdb,18465,1206
4JEU.pdb,12692,783
4JLR.pdb,15441,1041
4JW3.pdb,6079,416
4K1R.pdb,8879,531
4K24.pdb,13216,868
4K2U.pdb,21043,1317
4KDI.pdb,7631,463
4KFZ.pdb,8530,548
4KT3.pdb,4260,265
4KVG.pdb,14207,818
4LAD.pdb,3579,223
4LLO.pdb,18478,1143
4LU5.pdb,15691,1030
4LVN.pdb,12753,840
4LW4.pdb,16980,1072
4M0W.pdb,6594,393
4M5F.pdb,8194,523
4M6B.pdb,6704,418
4MI8.pdb,5189,313
4MJS.pdb,33124,2060
4ML7.pdb,7443,455
4MQV.pdb,3027,182
4MRT.pdb,5099,302
4MWF.pdb,18513,1214
4N7Z.pdb,4090,248
4NIQ.pdb,3124,203
4NL9.pdb,4174,248
4NM3.pdb,6166,376
4NOO.pdb,9885,578
4NP4.pdb,16829,1133
4NQW.pdb,3563,221
4NZL.pdb,5319,314
4NZR.pdb,13767,833
4OFY.pdb,28978,1905
4OII.pdb,18505,1214
4OKV.pdb,15803,996
4ONS.pdb,8715,552
4OVN.pdb,23036,1373
4OYD.pdb,9149,548
4P3Y.pdb,9148,567
4PBW.pdb,21139,1359
4PJ2.pdb,7915,488
4PLJ.pdb,17612,1142
4PLO.pdb,9444,604
4PW9.pdb,6661,446
4PZ6.pdb,12742,755
4Q6I.pdb,38034,2488
4Q96.pdb,9072,551
4QLP.pdb,6547,374
4QRP.pdb,33008,2106
4QT8.pdb,24553,1719
4QXA.pdb,5196,319
4RDQ.pdb,60330,3945
4REY.pdb,3562,218
4RS1.pdb,6119,372
4RWS.pdb,7856,508
4RWT.pdb,18604,1186
4S0S.pdb,10922,726
4TQ1.pdb,4996,290
4U0Q.pdb,15250,933
4U1G.pdb,22791,1433
4U2X.pdb,18565,1162
4U4C.pdb,15781,980
4UEM.pdb,5976,379
4UF1.pdb,2619,157
4UI1.pdb,5530,353
4UYQ.pdb,3608,217
4V0O.pdb,28654,1938
4V2C.pdb,13669,858
4W6Y.pdb,4337,274
4WFF.pdb,20854,1349
4X33.pdb,6424,384
4XAK.pdb,19679,1286
4XHU.pdb,13309,846
4XL1.pdb,10889,676
4XL5.pdb,7486,471
4XLW.pdb,22554,1476
4XOI.pdb,12643,772
4XWJ.pdb,3742,236
4XXB.pdb,3142,193
4Y5O.pdb,2886,181
4Y61.pdb,9892,626
4YC7.pdb,7756,470
4YEB.pdb,9389,588
4YH7.pdb,14348,909
4YN0.pdb,5969,370
4YPI.pdb,23708,1500
4YVQ.pdb,3310,203
4YWC.pdb,6129,402
4YYP.pdb,1904,119
4ZGQ.pdb,6076,374
4ZGY.pdb,7893,508
4ZI2.pdb,10361,615
4ZII.pdb,2825,176
4ZLT.pdb,13966,879
4ZQU.pdb,4710,298
4ZRJ.pdb,6215,379
4ZRP.pdb,15439,956
4ZSO.pdb,19945,1296
5ABV.pdb,15531,947
5AJJ.pdb,2810,167
5AYS.pdb,11700,678
5B64.pdb,4518,296
5B76.pdb,2418,144
5BNQ.pdb,4974,322
5BV7.pdb,19381,1241
5C8J.pdb,35536,2308
5CTR.pdb,16960,1031
5CXB.pdb,12920,817
5CZF.pdb,4344,270
5CZX.pdb,20612,1309
5D1L.pdb,4508,257
5D1Q.pdb,14999,993
5D1Z.pdb,31034,2039
5D8J.pdb,8542,563
5D93.pdb,20772,1322
5DCQ.pdb,18026,1069
5DFW.pdb,4834,312
5DHV.pdb,9007,579
5DJT.pdb,3579,203
5DJU.pdb,6770,400
5DOB.pdb,6381,402
5E8E.pdb,11869,735
5E94.pdb,17040,1086
5EB1.pdb,8970,543
5EE5.pdb,6016,365
5EO9.pdb,5089,312
5ESV.pdb,29657,1872
5ET1.pdb,10835,708
5F3X.pdb,8076,530
5F4E.pdb,6783,442
5F5S.pdb,3920,230
5FB8.pdb,8322,525
5FZT.pdb,5082,329
5GPG.pdb,3720,202
5H35.pdb,29031,1895
5HBT.pdb,11300,717
5HDQ.pdb,10745,704
5HPY.pdb,11752,738
5IKC.pdb,15961,1027
5IMT.pdb,8497,537
5IP4.pdb,6361,383
5IUS.pdb,9964,657
5J13.pdb,7923,531
5J4A.pdb,6897,440
5J57.pdb,6376,388
5JLV.pdb,17855,1038
5JQ6.pdb,10366,736
5K59.pdb,31082,1982
5KTE.pdb,11159,762
5LSP.pdb,19962,1319
5LWY.pdb,8584,511
5LXQ.pdb,9223,602
5MO9.pdb,8246,533
5SY8.pdb,9367,601
5SZJ.pdb,5177,320
5TAR.pdb,5471,332
5TIH.pdb,11847,750
5TUD.pdb,24402,1628
5VEB.pdb,16495,1083
5W2B.pdb,8239,533
5XBM.pdb,26048,1646
5XIM.pdb,25041,1568
5YOY.pdb,35712,2324
6BPE.pdb,35332,2194
6CK9.pdb,19814,1217
6CYF.pdb,34017,2255
6ELU.pdb,37490,2450
7MDH.pdb,21953,1415
